time,error
0.0,0.0
0.1,0.0005798701683929913
0.2,0.001572862053646199
0.3,0.002889363621552078
0.4,0.004442039457714551
0.5,0.0061537467428977016
0.6,0.00795740117009049
0.7,0.009796270781620176
0.8,0.011623908458467174
0.9,0.013403836334450537
1.0,0.015108933308574397
1.1,0.016720467930223054
1.2,0.018226821687180716
1.3,0.019622148357466996
1.4,0.02090496186965688
1.5,0.022076714716618786
1.6,0.0231408728255762
1.7,0.02410217091126111
1.8,0.024966181549904366
1.9,0.02573946080648208
2.0,0.026429548571594047
2.1,0.027045558802235508
2.2,0.027598243149649704
2.3,0.028099630700700845
2.4,0.028562978289411997
2.5,0.029001828033096037
2.6,0.02942969226834322
2.7,0.02985788314771303
2.8,0.030294175909968114
2.9,0.03074114280409388
3.0,0.031194923007922842
3.1,0.03164403911622539
3.2,0.03207009625174121
3.3,0.032447756440763934
3.4,0.03274747693499484
3.5,0.0329373147083901
3.6,0.03298643256468813
3.7,0.0328745889822642
3.8,0.03258834764833516
3.9,0.03212194231892919
4.0,0.03147583871191321
4.1,0.03065597937583043
4.2,0.029673076824328924
4.3,0.028541927119821505
4.4,0.027282366986581597
4.5,0.025920512878339907
4.6,0.024488168185155715
4.7,0.023022032673706963
4.8,0.021561361047488313
4.9,0.020145903514167708
5.0,0.018813519711997507
5.1,0.01759711145277041
5.2,0.016522296169531377
5.3,0.015605225749958193
5.4,0.014851189106942192
5.5,0.014254206192652975
5.6,0.01379852809353415
5.7,0.013461713889895203
5.8,0.013218433265665592
5.9,0.01304387400519185
6.0,0.0129160862061574
6.1,0.012817157953322287
6.2,0.012733331158066293
6.3,0.012654399614236174
6.4,0.012572971240779765
6.5,0.01248371051489953
6.6,0.012382768545368787
6.7,0.012267382792862071
6.8,0.012135689889347897
6.9,0.011986764803057178
7.0,0.011820908199726626
7.1,0.011639818654189187
7.2,0.011447068634409502
7.3,0.011248125388921767
7.4,0.011050221056926412
7.5,0.010861684806814223
7.6,0.010690768946851273
7.7,0.010544179621394294
7.8,0.01042554809344755
7.9,0.010334360028336967
8.0,0.010265711032327714
8.1,0.010211013239619548
8.2,0.010159409432139098
8.3,0.010099861038588114
8.4,0.010023006224068272
8.5,0.009922588474487558
8.6,0.009796325417592993
8.7,0.009646013064707571
8.8,0.009477250000531671
8.9,0.009298257145960833
9.0,0.009118380608030836
9.1,0.008946121138934142
9.2,0.008787645332681678
9.3,0.008645690149708533
9.4,0.008518884506376619
9.5,0.008404458498343722
9.6,0.008300902003523894
9.7,0.008210808211804473
9.8,0.008143360095717317
9.9,0.008116193525835608
10.0,0.008156071265032391
10.1,0.008297589160939008
10.2,0.008573778035837188
10.3,0.009002370356818381
10.4,0.009574944539913739
10.5,0.010254124783775654
10.6,0.010979603744404905
10.7,0.011688319868164333
10.8,0.012327129301267373
10.9,0.012854645943915702
11.0,0.013240740477895967
11.1,0.013466009750287182
11.2,0.013520049826165875
11.3,0.013399850852817594
11.4,0.013108684032635385
11.5,0.012652820558450847
11.6,0.012041518746005635
11.7,0.011287778641805427
11.8,0.010410801135824143
11.9,0.009447412709525954
12.0,0.008457557473196105
12.1,0.00752096073089512
12.2,0.006731483068196384
12.3,0.006178724498536576
12.4,0.005914916322005527
12.5,0.005926904870638595
12.6,0.006143432556919099
12.7,0.006468826477541522
12.8,0.006814917174965861
12.9,0.00711445365881426
13.0,0.007321260920610699
13.1,0.007411518589089508
13.2,0.007380032669110203
13.3,0.007236009430459236
13.4,0.006998902349078812
13.5,0.0066939177512051855
13.6,0.006348006922830886
13.7,0.005987618251224194
13.8,0.00563644678471179
13.9,0.005314787028990128
14.0,0.005039551070267504
14.1,0.00482582562154035
14.2,0.0046889352593480205
14.3,0.004646427381146896
14.4,0.004719226579254191
14.5,0.004930296842820695
14.6,0.005300442676424351
14.7,0.00584335895893203
14.8,0.006560566485316204
14.9,0.007441172861951924
15.0,0.008461217838461568
15.1,0.009585819066548045
15.2,0.010771284284700542
15.3,0.011968011958370592
15.4,0.013123237976049319
15.5,0.014185101990606906
15.6,0.015106289290397961
15.7,0.01585108136502891
15.8,0.016395148222789296
15.9,0.016723625346611103
16.0,0.016829390644761476
16.1,0.016719955012756468
16.2,0.01641423766699614
16.3,0.01594210686753215
16.4,0.015342772467340301
16.5,0.014663616618112382
16.6,0.013958081962731768
16.7,0.013269177780921656
16.8,0.012634472836972827
16.9,0.01208483583816785
17.0,0.011645412907386266
17.1,0.011336383053782302
17.2,0.011173945474188764
17.3,0.011170895911316592
17.4,0.011336853199224907
17.5,0.011679543714244275
17.6,0.012177829369099318
17.7,0.01278893132686151
17.8,0.013451050230370397
17.9,0.014091722521905454
18.0,0.014655136943342438
18.1,0.01509856882915176
18.2,0.015391146800765431
18.3,0.01551156071757631
18.4,0.015446751279016416
18.5,0.01519047631932493
18.6,0.014742537205467
18.7,0.014107652679726697
18.8,0.013294709539101286
18.9,0.012314694859324704
19.0,0.011178719283806399
19.1,0.009899145751186084
19.2,0.00849155996326046
19.3,0.006979266347195189
19.4,0.005406164949865168
19.5,0.003881599326912402
19.6,0.002761360856004521
19.7,0.002860797954239478
19.8,0.00421533707802941
19.9,0.006085642508150579
20.0,0.008134961555884949
20.1,0.010239939868407988
20.2,0.012334705719574596
20.3,0.014369884368097259
20.4,0.01630074768194042
20.5,0.018083788366251935
20.6,0.019676508296965968
20.7,0.021048519498043837
20.8,0.022179931412220393
20.9,0.02305896659554435
21.0,0.02368115011676309
21.1,0.024048025934984105
21.2,0.024165794208203296
21.3,0.024041776029478438
21.4,0.023684266737039154
21.5,0.02310229217964829
21.6,0.022305474679170666
21.7,0.02130386655485353
21.8,0.02010811140359458
21.9,0.018729339702328984
22.0,0.017179247277704885
22.1,0.015470627594558714
22.2,0.013616632959858009
22.3,0.011632941987806499
22.4,0.009539337873562934
22.5,0.007367834907139864
22.6,0.005197939499301917
22.7,0.0032875375607697628
22.8,0.0025793098558327954
22.9,0.0038332269964685877
23.0,0.005837018167074677
23.1,0.007932329118556795
23.2,0.009924845561600544
23.3,0.011725106188658421
23.4,0.013285634617493259
23.5,0.014577392738100636
23.6,0.015584300324980843
23.7,0.016300172047298875
23.8,0.016725932495971946
23.9,0.016868030710986713
24.0,0.016737365336331706
24.1,0.016348784433228142
24.2,0.015718521647920876
24.3,0.01486214250310872
24.4,0.013795226516603792
24.5,0.012533239391838032
24.6,0.011092591759496168
24.7,0.009490762321122006
24.8,0.007749901058584115
24.9,0.00590421511770245
25.0,0.004034072973023211
25.1,0.002455104705128523
25.2,0.002398260179386716
25.3,0.0041194475621422946
25.4,0.006395954635136874
25.5,0.008842067955299392
25.6,0.01133769057841334
25.7,0.01381158395480996
25.8,0.016206458573857087
25.9,0.01847150936013204
26.0,0.02056158728385038
26.1,0.02243746293861481
26.2,0.024065811101706042
26.3,0.025422256510281113
26.4,0.026492970180192536
26.5,0.027271961508584828
26.6,0.02776022780630925
26.7,0.027964297385650698
26.8,0.027894896201000528
26.9,0.027565844049946123
27.0,0.026990933540573473
27.1,0.026183859669251432
27.2,0.025158498632487494
27.3,0.02392846610391861
27.4,0.022507309328054982
27.5,0.020908408836823694
27.6,0.01914543517712332
27.7,0.017231880504016875
27.8,0.015181301821023048
27.9,0.013008201237002857
28.0,0.010729214507579646
28.1,0.008366974670961062
28.2,0.005965657760878087
28.3,0.0036667208368243542
28.4,0.002236933005468767
28.5,0.003312298632230185
28.6,0.005565219927411226
28.7,0.007960104298146743
28.8,0.0102607777221977
28.9,0.012369332112780783
29.0,0.0142331441237227
29.1,0.015819734149210816
29.2,0.017109883860262746
29.3,0.018094514100326163
29.4,0.018772280284629284
29.5,0.019147849471051828
29.6,0.019230599734091112
29.7,0.01903400843138849
29.8,0.018574523381065418
29.9,0.017869332667011534
30.0,0.01693527242130095
30.1,0.015788705223172075
30.2,0.014445672745522893
30.3,0.012922520958034263
30.4,0.011236254400055283
30.5,0.009405814098128452
30.6,0.007456441609513197
30.7,0.005434169125674165
30.8,0.0034737052230638023
30.9,0.0022135499587576336
31.0,0.003092809650387492
31.1,0.005211136813481418
31.2,0.007612748948874696
31.3,0.010057317419245718
31.4,0.012438699656020177
31.5,0.014679641002145659
31.6,0.016722731580017105
31.7,0.018529099516349765
31.8,0.020072655764649807
31.9,0.021337467226819205
32.0,0.022315743992058733
32.1,0.023006475248127427
32.2,0.023414633148848594
32.3,0.023549241182647805
32.4,0.02342144924097903
32.5,0.023044623086133014
32.6,0.022442627407679643
32.7,0.02164588701399668
32.8,0.020689844945789012
32.9,0.019611625922897658
33.0,0.018447405970819532
33.1,0.01722920837843424
33.2,0.015983466324263892
33.3,0.014729653177691234
33.4,0.013479475877891783
33.5,0.012236672505700276
33.6,0.010996615738383096
33.7,0.009747420647166171
33.8,0.008473390895966344
33.9,0.007162343784297784
34.0,0.005805277343386891
34.1,0.004399667657958385
34.2,0.0029611330731601133
34.3,0.0016009812422706298
34.4,0.0012173570259588083
34.5,0.002522330392574439
34.6,0.004249293241763005
34.7,0.006093605658093289
34.8,0.007971511064029364
34.9,0.009817094770768297
35.0,0.01156517595143181
35.1,0.013155632898361412
35.2,0.014547929746644732
35.3,0.01571235418855644
35.4,0.016629799391299
35.5,0.017289578761326786
35.6,0.017688155658479
35.7,0.017827764861251844
35.8,0.01771566968152323
35.9,0.017362927222187637
36.0,0.016782478991730878
36.1,0.015986511769970957
36.2,0.014996044259381598
36.3,0.01383939517280866
36.4,0.012549866177043813
36.5,0.011163183677592085
36.6,0.009714780910644618
36.7,0.008238275571142798
36.8,0.006764505293817385
36.9,0.005323194507956069
37.0,0.0039469354581401425
37.1,0.0026920547253352295
37.2,0.0017282483754664246
37.3,0.001550438068156607
37.4,0.002264055566961874
37.5,0.0032928915004173235
37.6,0.00439564550246079
37.7,0.0055129681199749285
37.8,0.006627427445459862
37.9,0.0077315266683746775
38.0,0.008818120316730012
38.1,0.009876674757242835
38.2,0.010892566650495006
38.3,0.011846346190915787
38.4,0.01271545891130223
38.5,0.013475650217463005
38.6,0.01410230424268555
38.7,0.014574746150890945
38.8,0.014880832738771879
38.9,0.015014001913556245
39.0,0.014970375288159978
39.1,0.014747662714355219
39.2,0.014345321445741046
39.3,0.013763978860895539
39.4,0.013005746229280073
39.5,0.012074132304873062
39.6,0.010974480296338861
39.7,0.009713192829063706
39.8,0.00829933387893952
39.9,0.00674591979099472
40.0,0.005089831083087554
40.1,0.0034100694116167103
40.2,0.001958674984665983
40.3,0.0017453533509970128
40.4,0.0029960051485200855
40.5,0.00452925048376
40.6,0.005997781854850498
40.7,0.007308160049151524
40.8,0.00841945671198848
40.9,0.009310009603166755
41.0,0.009969414318451126
41.1,0.010394420039152323
41.2,0.010587245860825796
41.3,0.010551714877791921
41.4,0.010293027728490773
41.5,0.009817374616583585
41.6,0.009132025693052914
41.7,0.008250966445021369
41.8,0.007204941338390909
41.9,0.0060362224837187325
42.0,0.00479671970260533
42.1,0.003545469160756205
42.2,0.002353594205901337
42.3,0.0013415053382134323
42.4,0.0009256419877506621
42.5,0.0014152413716584432
42.6,0.0021045129493045657
42.7,0.002705961760022211
42.8,0.0031548079274097995
42.9,0.0034282127068205664
43.0,0.003526515727715972
43.1,0.003464096947605816
43.2,0.003266413626712734
43.3,0.0029665824223732117
43.4,0.00260187132568587
43.5,0.0022099765877096745
43.6,0.0018256313330480738
43.7,0.0014785466877182763
43.8,0.0011909902937986374
43.9,0.000975602648260335
44.0,0.0008344480379382013
44.1,0.0007618793758439983
44.2,0.000749064740032752
44.3,0.0007880443940344551
44.4,0.0008681272217234931
44.5,0.0009717892949102219
44.6,0.0010750085672068992
44.7,0.001149147190806214
44.8,0.001166926940250519
44.9,0.0011057379320196922
45.0,0.0009480943181023459
45.1,0.0006854162846113557
45.2,0.00035544456645523223
45.3,0.000440263132580901
45.4,0.0010701101524983887
45.5,0.0018910735253972306
45.6,0.0028496636587227718
45.7,0.003914058649907884
45.8,0.005047331044314412
45.9,0.0062056890480206624
46.0,0.007341064173545618
46.1,0.008403195411721218
46.2,0.009345001340718638
46.3,0.010134099097412827
46.4,0.01074716783264417
46.5,0.011169595759992632
46.6,0.011393767088891905
46.7,0.011417684856485876
46.8,0.011244163419972138
46.9,0.010877042459907574
47.0,0.010320873928544385
47.1,0.009580911356685881
47.2,0.008663913997660045
47.3,0.007578005215683185
47.4,0.006333266787813022
47.5,0.004944073760426755
47.6,0.0034393337230369287
47.7,0.0019427422178543447
47.8,0.0012194899129319393
47.9,0.0023528490471018317
48.0,0.003951026049961634
48.1,0.0055347081084832555
48.2,0.007004047084863597
48.3,0.008314033978461503
48.4,0.009438477143738902
48.5,0.010362085762852129
48.6,0.011075910769039675
48.7,0.011574369055294784
48.8,0.011854453843190846
48.9,0.011915338359569027
49.0,0.011758178324839826
49.1,0.011386167221621196
49.2,0.010804162842628797
49.3,0.010018409009905338
49.4,0.00903663812547034
49.5,0.007873009113373313
49.6,0.006563668489424855
49.7,0.005159262064787033
49.8,0.0037268186049898566
49.9,0.0023678121518749978
50.0,0.0013547879915029601
50.1,0.0014341032987998437
50.2,0.002307044942193838
50.3,0.0032360635960415095
50.4,0.004040645135319535
50.5,0.004672568723379339
50.6,0.005116591688874206
50.7,0.005369774882878723
50.8,0.005436320808898171
50.9,0.0053260952489895645
51.0,0.005053200493645147
51.1,0.004634942694558834
51.2,0.004090853531680563
51.3,0.003441468723264632
51.4,0.002708185714919871
51.5,0.0019142811593305473
51.6,0.0010968158817369585
51.7,0.0004754658684996065
51.8,0.000962223740141497
51.9,0.0018511679568201274
52.0,0.002794247581884471
52.1,0.0037579423742182573
52.2,0.004735399723517915
52.3,0.0057259280310069174
52.4,0.006732351677926076
52.5,0.007759577772313593
52.6,0.008814548619198516
52.7,0.009906236173816627
52.8,0.011045342390772279
52.9,0.012243776254805444
53.0,0.013513846929522321
53.1,0.014864511737039687
53.2,0.016302957290081636
53.3,0.01783394041816057
53.4,0.019460788326497527
53.5,0.02118494973292718
53.6,0.02300649144063038
53.7,0.02492464577508092
53.8,0.026937306128700152
53.9,0.029041182714890517
54.0,0.031232260445734614
54.1,0.03349235017280636
54.2,0.035792956338993216
54.3,0.03809427334400036
54.4,0.040347719066575395
54.5,0.04249653522894023
54.6,0.04447857333733115
54.7,0.04622999724011486
54.8,0.04769685222443493
54.9,0.04884345217326172
55.0,0.04964664983608463
55.1,0.05009429323859278
55.2,0.05018337997534876
55.3,0.04991846569961058
55.4,0.0493103171506909
55.5,0.04837408372140518
55.6,0.04712888132600308
55.7,0.045596657469103186
55.8,0.0438017682216749
55.9,0.04177003829089618
56.0,0.039528154973838645
56.1,0.03710340579236126
56.2,0.03452308577598182
56.3,0.031812130779876616
56.4,0.029000977516341262
56.5,0.026123724744709982
56.6,0.023217490744946705
56.7,0.020320954616158644
56.8,0.01747256594769921
56.9,0.014708821998936477
57.0,0.012063376322726593
57.1,0.009567032964811109
57.2,0.007249581559733953
57.3,0.0051456916245705454
57.4,0.0033192074113011245
57.5,0.00197241863575917
57.6,0.0017129541561592423
57.7,0.0024878842988477205
57.8,0.003458112355568399
57.9,0.004339431193128161
58.0,0.005068114222685807
58.1,0.005628246183094712
58.2,0.006016889472204899
58.3,0.0062353278771978705
58.4,0.006285214028838092
58.5,0.00616752403238701
58.6,0.005882011347392033
58.7,0.0054267666544822015
58.8,0.004802053816791834
58.9,0.004014387798823293
59.0,0.0030815112406195845
59.1,0.002061904533617675
59.2,0.001256055140782331
59.3,0.00166789148291407
59.4,0.0030419480934047753
59.5,0.004736735584887957
59.6,0.006618384663704738
59.7,0.008649832073526337
59.8,0.010812667151588283
59.9,0.013093887645861156
60.0,0.015482776251828102
60.1,0.017962180894105038
60.2,0.02050591307066005
60.3,0.023080393152709325
60.4,0.025645931026842282
60.5,0.028158666623365004
60.6,0.030570634816265565
60.7,0.032833082133633076
60.8,0.034899168513936124
60.9,0.03672503607216755
61.0,0.038271058410405144
61.1,0.03950463165194033
61.2,0.040400819815249595
61.3,0.04094744270376602
61.4,0.041140353395634044
61.5,0.040983361601976076
61.6,0.0404862560733317
61.7,0.039663706986127166
61.8,0.03853433806221944
61.9,0.0371194787606238
62.0,0.035443088014713374
62.1,0.0335312900623503
62.2,0.03141386163339886
62.3,0.029121818486075146
62.4,0.026687119593157147
62.5,0.024140927054535893
62.6,0.021512416772888936
62.7,0.01882843941249664
62.8,0.01611355669333804
62.9,0.013390192001708354
63.0,0.010679591685813337
63.1,0.0080068839542366
63.2,0.005417440796145474
63.3,0.003074091741058654
63.4,0.001994681045630608
63.5,0.0035286625704416884
63.6,0.005863360208877652
63.7,0.008322858671239412
63.8,0.010798209720292017
63.9,0.013256615241955068
64.0,0.015679580481682786
64.1,0.018049423481461265
64.2,0.02034567304622568
64.3,0.02254346238713775
64.4,0.024614456325084633
64.5,0.026527323051939958
64.6,0.028249048250056863
64.7,0.029746768522174415
64.8,0.03098981673866595
64.9,0.03196025009559442
65.0,0.03264812084736945
65.1,0.03305110408788496
65.2,0.03317274746192794
65.3,0.033021603591334256
65.4,0.032609968260049985
65.5,0.03195269079939868
65.6,0.031064317379127886
65.7,0.029959358701370748
65.8,0.028651986042502086
65.9,0.02715622515604503
66.0,0.025485876437672094
66.1,0.023654327424821847
66.2,0.021674550312868822
66.3,0.019564340137961062
66.4,0.017345079101073173
66.5,0.01504163962018608
66.6,0.012681661962771965
66.7,0.010297458692716838
66.8,0.00792894493191712
66.9,0.005636558154348529
67.0,0.003557211282167685
67.1,0.002210406797530499
67.2,0.0027055774755101623
67.3,0.004282176962713659
67.4,0.005992410739349141
67.5,0.007595646467752518
67.6,0.009009677252350884
67.7,0.01019380459368671
67.8,0.011127636143698877
67.9,0.01180194211663393
68.0,0.012215314099923312
68.1,0.012372396446107433
68.2,0.012282020473672854
68.3,0.011954501546964995
68.4,0.011400397279026241
68.5,0.010631097446310508
68.6,0.009658666756683736
68.7,0.008496255200720008
68.8,0.007159194442470448
68.9,0.005668052347027868
69.0,0.004060906284853094
69.1,0.0024595349732904224
69.2,0.0015760573709471494
69.3,0.0026916424945372104
69.4,0.004605425541837382
69.5,0.006664137338075703
69.6,0.008710860192454964
69.7,0.010660552763645432
69.8,0.012456256939548667
69.9,0.014059062865348351
70.0,0.01544213469255203
70.1,0.01658880418198408
70.2,0.01749053634298364
70.3,0.018144713467253278
70.4,0.018552958149805576
70.5,0.018718312726454796
70.6,0.018645620161322606
70.7,0.018341232190981417
70.8,0.01781210384419799
70.9,0.017066365191127596
71.0,0.016113274788368305
71.1,0.014962705826887966
71.2,0.013627747952761114
71.3,0.012134502960472226
71.4,0.010517078222932732
71.5,0.008816377729043708
71.6,0.007078291322988643
71.7,0.005354630241273444
71.8,0.003711981163294453
71.9,0.0022822714633146035
72.0,0.0015155639975747701
72.1,0.0020150163020650623
72.2,0.0030557447143169303
72.3,0.004112415121823675
72.4,0.005061610565318701
72.5,0.00586692306433483
72.6,0.006514423064492648
72.7,0.006998088785650772
72.8,0.007315173577720108
72.9,0.007464756652240244
73.0,0.007446358836460587
73.1,0.007258431884095895
73.2,0.006900632354480403
73.3,0.006374196646643786
73.4,0.005682525860388789
73.5,0.004831766458922823
73.6,0.0038346578944707774
73.7,0.0027225903914219664
73.8,0.001620853865361119
73.9,0.0012626979699362467
74.0,0.002371602165524891
74.1,0.0040087989387657405
74.2,0.005856977694780427
74.3,0.007854366987099203
74.4,0.00997878488168574
74.5,0.01220307413705754
74.6,0.014490253364437357
74.7,0.016794326121416712
74.8,0.019063146167213153
74.9,0.02124185811282313
75.0,0.02327574088134418
75.1,0.02511348039944879
75.2,0.026712122912963647
75.3,0.02804348902370733
75.4,0.02908945951830294
75.5,0.029840410293873378
75.6,0.030294357557383217
75.7,0.030454804301182775
75.8,0.030330418409911245
75.9,0.029934281955434995
76.0,0.029282610482893275
76.1,0.028393141760123638
76.2,0.027282699344954253
76.3,0.025967683119868322
76.4,0.024463639227342817
76.5,0.02278488837264395
76.6,0.020945619878427385
76.7,0.01895931143475039
76.8,0.016839564143767468
76.9,0.014599569557534511
77.0,0.012252785770674198
77.1,0.009815147805674329
77.2,0.007320818943134795
77.3,0.004841005121342911
77.4,0.002599662671042181
77.5,0.001885772787566657
77.6,0.0035712071058568314
77.7,0.005675455598900887
77.8,0.007682069822104985
77.9,0.009484513477037524
78.0,0.011039970213393636
78.1,0.012327400854035308
78.2,0.01333744525249596
78.3,0.014068846550620307
78.4,0.014526083587721067
78.5,0.014717304402900366
78.6,0.014651647553864644
78.7,0.014339506441455674
78.8,0.01379196875631616
78.9,0.013020733094361485
79.0,0.012038426191101664
79.1,0.010858690296884951
79.2,0.009499562677194187
79.3,0.007986109962261465
79.4,0.006352607649128966
79.5,0.004653925719473467
79.6,0.003024698136989871
79.7,0.0019985790898609875
79.8,0.0026504601497763934
79.9,0.004323987893690237
80.0,0.006249220810955951
80.1,0.008227547539632934
80.2,0.010185316526232321
80.3,0.012076374475652114
80.4,0.013861779970220601
80.5,0.015505012591971718
80.6,0.016971578041591273
80.7,0.018229523769249283
80.8,0.019255210964010665
80.9,0.02003498709960437
81.0,0.020562505218514826
81.1,0.020837580103242083
81.2,0.020865256991503316
81.3,0.020654453384463232
81.4,0.02021538148485038
81.5,0.019558451348889346
81.6,0.018694414680557953
81.7,0.017639059092029806
81.8,0.01641576083371714
81.9,0.015053801389827074
82.0,0.013586412088515366
82.1,0.012048834275792319
82.2,0.010476645388915412
82.3,0.008903584836623197
82.4,0.00736025949341541
82.5,0.005873601981053258
82.6,0.004467669524019519
82.7,0.0031688278878598554
82.8,0.002026096478564035
82.9,0.001215273457989942
83.0,0.001227933209778655
83.1,0.0019019319026829463
83.2,0.0027037449198915636
83.3,0.0034882879539867217
83.4,0.004222765563773273
83.5,0.004896601818038024
83.6,0.00550386689650008
83.7,0.006038004660267737
83.8,0.006491516520545176
83.9,0.006856202478824733
84.0,0.007123765236915632
84.1,0.007287106169293875
84.2,0.007341434901062543
84.3,0.007284903779454358
84.4,0.007118483856968906
84.5,0.006848143510294267
84.6,0.006485242761326975
84.7,0.006046406272679833
84.8,0.005553155065260797
84.9,0.0050309842570274614
85.0,0.004507442010343716
85.1,0.004009783859632966
85.2,0.003565382625531858
85.3,0.00319839834663528
85.4,0.0029277909666205228
85.5,0.0027696750039475355
85.6,0.002737135780658566
85.7,0.0028364280330611946
85.8,0.0030639502491082624
85.9,0.003403294308259701
86.0,0.0038245993592693887
86.1,0.004287990194256391
86.2,0.004747478295530469
86.3,0.005158849559756219
86.4,0.005490968374608599
86.5,0.0057207978226320585
86.6,0.005833014180677006
86.7,0.005816230527646528
86.8,0.005661170733777963
86.9,0.005360883656962207
87.0,0.004910464494059987
87.1,0.004307204058841903
87.2,0.0035506840236689974
87.3,0.0026478741515296904
87.4,0.0016309258248780607
87.5,0.0006633312638975853
87.6,0.0010370022676333716
87.7,0.002236779463831734
87.8,0.0035084534159920016
87.9,0.004767713179990015
88.0,0.005976278623500027
88.1,0.007107776518781125
88.2,0.00814334681360705
88.3,0.009070776060143277
88.4,0.009883660315254873
88.5,0.010580285299670379
88.6,0.01116264526002372
88.7,0.011634972035629909
88.8,0.012001992636427341
88.9,0.012267672347267026
89.0,0.01243390775810202
89.1,0.012500194293582774
89.2,0.01246263020115638
89.3,0.01231484944489856
89.4,0.012047752614214478
89.5,0.011654677843920186
89.6,0.011130251107469036
89.7,0.010470818465644757
89.8,0.009674608928534688
89.9,0.00874173021269772
90.0,0.007674400454283358
90.1,0.006478288511981561
90.2,0.005165174174393736
90.3,0.003765832444302993
90.4,0.0023883549475095223
90.5,0.0015917926360029338
90.6,0.0024462874281100844
90.7,0.004168506445638992
90.8,0.006165819665768976
90.9,0.008309115047843095
91.0,0.010527549930496437
91.1,0.012752850647341357
91.2,0.014908714125502322
91.3,0.01691716278540683
91.4,0.018725518353532145
91.5,0.020294142669313012
91.6,0.02159661772848003
91.7,0.022616530054250895
91.8,0.023346006470094417
91.9,0.02378414346834395
92.0,0.023935855313106495
92.1,0.023810755477307214
92.2,0.023421922778558455
92.3,0.02278525044940054
92.4,0.021916806868889107
92.5,0.020832048049388138
92.6,0.019545870953166213
92.7,0.018072700486416727
92.8,0.016426757573159673
92.9,0.01462226076226967
93.0,0.012688042411279646
93.1,0.010668097489962709
93.2,0.00861765767602107
93.3,0.006600957589354824
93.4,0.0046916711398378155
93.5,0.002982815974441707
93.6,0.0017099894351992782
93.7,0.0015699353233938308
93.8,0.002408018874295762
93.9,0.003355668196968837
94.0,0.004165478890865421
94.1,0.004777295583797355
94.2,0.0051705900521153945
94.3,0.0053375484919105974
94.4,0.005276622772708656
94.5,0.004989871634328728
94.6,0.004482676976432808
94.7,0.0037639064344570186
94.8,0.0028498253443016014
94.9,0.0017851157432906832
95.0,0.0008766652077871115
95.1,0.001491329072937258
95.2,0.0029405244937275943
95.3,0.004547121339582528
95.4,0.0061947497512315035
95.5,0.007822025280175868
95.6,0.009379338225939655
95.7,0.010823656614133632
95.8,0.012118395575878625
95.9,0.01323410586052025
96.0,0.014148510029428905
96.1,0.014847003076974351
96.2,0.015321917577801965
96.3,0.015572195891029303
96.4,0.015602788929387981
96.5,0.015423945242319884
96.6,0.015049488538407256
96.7,0.014495811658054261
96.8,0.013780335024068516
96.9,0.012921261047912002
97.0,0.011937065848237621
97.1,0.010846454322422976
97.2,0.009668047045429125
97.3,0.008419995701729457
97.4,0.007120766981722666
97.5,0.005790324215266308
97.6,0.0044519267155247915
97.7,0.003139540865700688
97.8,0.001930767800259857
97.9,0.0011487616061699685
98.0,0.0015200523529365485
98.1,0.0024845837886839847
98.2,0.003491372455175127
98.3,0.004415835081296458
98.4,0.005212118157017446
98.5,0.005855730886407174
98.6,0.006330014442198473
98.7,0.006623473580416716
98.8,0.006728212881230085
98.9,0.006639422560221035
99.0,0.006355124167241778
99.1,0.005875814469365652
99.2,0.005211685049434154
99.3,0.004388499661599659
99.4,0.003447060889492204
99.5,0.0024461784950118863
99.6,0.0014805987539832726
99.7,0.000821397918436973
99.8,0.001069904676420846
99.9,0.0017443066019963765
100.0,0.0023856286718771705
100.1,0.002901861239121295
100.2,0.0032656009407179415
100.3,0.003463183248716171
100.4,0.003486796046119757
100.5,0.0033319196031733043
100.6,0.002997158524990918
100.7,0.002483637094872827
100.8,0.0018147186856914766
100.9,0.0010365648238820772
101.0,0.0003588556427592428
101.1,0.0008990509853588188
101.2,0.001763777199785568
101.3,0.00259402596039823
101.4,0.003341269098360103
101.5,0.003979396110222841
101.6,0.00448791542110761
101.7,0.0048506272389331135
101.8,0.005054812377860451
101.9,0.005090665912432358
102.0,0.004951179909703879
102.1,0.004637377782127265
102.2,0.004161288727017596
102.3,0.003543063405634017
102.4,0.0028092467822266425
102.5,0.0019905075170413237
102.6,0.001122460005882117
102.7,0.00029450508917654465
102.8,0.0007276683425648932
102.9,0.0015741772086269206
103.0,0.00237975605485431
103.1,0.00311548450476677
103.2,0.003763864468289583
103.3,0.004311905792891833
103.4,0.004749050478922489
103.5,0.00506703396054345
103.6,0.005259549349946241
103.7,0.00532172216714719
103.8,0.005249653082613344
103.9,0.005038836357827262
104.0,0.0046854530261844565
104.1,0.004186989545077092
104.2,0.0035443110230362956
104.3,0.0027646225939695116
104.4,0.0018712577617102206
104.5,0.000972279715051475
104.6,0.0008837064276335895
104.7,0.001924789570418266
104.8,0.0031912592153470246
104.9,0.00451078957298421
105.0,0.005823210599481416
105.1,0.007082491296614497
105.2,0.008247412197520282
105.3,0.009282055750624912
105.4,0.010160718126773514
105.5,0.010866020325946694
105.6,0.011387702014456307
105.7,0.011719444117222928
105.8,0.011856758115279841
105.9,0.011797584448859902
106.0,0.011541661739299078
106.1,0.011090574714854853
106.2,0.010452974251033491
106.3,0.009644045910476478
106.4,0.00868449168088498
106.5,0.007600176027796513
106.6,0.00642112681760491
106.7,0.005180852580695294
106.8,0.003917788620872954
106.9,0.002681498806967339
107.0,0.0015717083748961094
107.1,0.0009856490896639316
107.2,0.0014833978948291598
107.3,0.0023350608460625667
107.4,0.0031457019812472387
107.5,0.0038292384747552724
107.6,0.0043554047247360865
107.7,0.00471036978503404
107.8,0.004885446294316755
107.9,0.004875626122199201
108.0,0.0046785268336643785
108.1,0.004294050501172817
108.2,0.0037247809351665506
108.3,0.0029802068545017437
108.4,0.0020877802678690776
108.5,0.0011312068463294295
108.6,0.0007336448496080376
108.7,0.0016660791024163913
108.8,0.0028704343200697258
108.9,0.004087415249331011
109.0,0.005243899126739705
109.1,0.006294080124964793
109.2,0.007207747772376898
109.3,0.00796389621681029
109.4,0.00854974531082248
109.5,0.008955572441059614
109.6,0.009174413332132128
109.7,0.009201811505421167
109.8,0.009039634543233196
109.9,0.008700119741190795
110.0,0.008204090235053666
110.1,0.007579284046604031
110.2,0.006857949420549905
110.3,0.006074457813516234
110.4,0.005262135229393606
110.5,0.004451780995164314
110.6,0.0036698227080409758
110.7,0.0029378735145568517
110.8,0.002272436319792822
110.9,0.0016860214907523016
111.0,0.0011898471247218981
111.1,0.000801151421718934
111.2,0.0005585572322087192
111.3,0.0005085424802021377
111.4,0.0005953131868057014
111.5,0.0007116946753466116
111.6,0.000804658447176489
111.7,0.0008543269956394074
111.8,0.0008494507382781711
111.9,0.000779479077201843
112.0,0.0006323876974816685
112.1,0.000396101735329756
112.2,0.00010954330546336263
112.3,0.00044941954696536455
112.4,0.001040595467584842
112.5,0.001771949296992647
112.6,0.002644091303473244
112.7,0.0036589686567430556
112.8,0.004814508499209568
112.9,0.006097493203224581
113.0,0.007484864656313306
113.1,0.008945234024665509
113.2,0.01043988238614693
113.3,0.011925987737269099
113.4,0.013358735602790044
113.5,0.014695599279627741
113.6,0.015897681285229986
113.7,0.016931827660077184
113.8,0.017772007748866257
113.9,0.01840031670393196
114.0,0.018807041688943444
114.1,0.01898915469596998
114.2,0.018948981407515404
114.3,0.018692788617382758
114.4,0.018227521211183303
114.5,0.01756080059834742
114.6,0.01670073541913242
114.7,0.015656018708671556
114.8,0.014435559483568047
114.9,0.013048862146198301
115.0,0.011506003839775984
115.1,0.009818384999463352
115.2,0.007999887436773621
115.3,0.006071391040409799
115.4,0.004078905702861652
115.5,0.0022184410817365436
115.6,0.001799321555285544
115.7,0.0036009341477630094
115.8,0.0059194853262100324
115.9,0.008341272345186702
116.0,0.01075087179686377
116.1,0.013068013069700323
116.2,0.015219214888872595
116.3,0.017152828974475946
116.4,0.0188318164286951
116.5,0.020231504956283553
116.6,0.02133719556073915
116.7,0.02214252484809923
116.8,0.02264791179937371
116.9,0.02285961924155585
117.0,0.02278826856537521
117.1,0.02244825140378415
117.2,0.021856118339342187
117.3,0.021027931782126932
117.4,0.01997918582906747
117.5,0.018727220334252684
117.6,0.017301142034607284
117.7,0.015736170160427207
117.8,0.014072255595964183
117.9,0.01235098644728049
118.0,0.010612663454882116
118.1,0.008894822669938605
118.2,0.007231337891600771
118.3,0.005652208153430535
118.4,0.004186261414274982
118.5,0.002869853048041165
118.6,0.0017844073578598368
118.7,0.001207938769855782
118.8,0.0014856771450139617
118.9,0.0021618050142130606
119.0,0.002867610493773111
119.1,0.003513695312324978
119.2,0.004080066860587821
119.3,0.004564136746869074
119.4,0.004968825225134816
119.5,0.005298264547793978
119.6,0.005556901077467383
119.7,0.0057485530125343754
119.8,0.005875942749291681
119.9,0.005940497492995691
120.0,0.0059417769319631605
120.1,0.00587736700041863
120.2,0.005742502029641067
120.3,0.005529944246823824
120.4,0.005230044977526726
120.5,0.004830552828943869
120.6,0.004320949640646334
120.7,0.003695113489573496
120.8,0.0029529352674543706
120.9,0.002110919339161274
121.0,0.0012635266579545518
121.1,0.0010049486705363694
121.2,0.0019209274844879695
121.3,0.0032770261823342885
121.4,0.004831934155468579
121.5,0.006539726504405643
121.6,0.008383752563536597
121.7,0.010353676879672832
121.8,0.012441306683339736
121.9,0.014622244676411494
122.0,0.016854907586387694
122.1,0.01908328007680129
122.2,0.021240984940539498
122.3,0.023256307824197332
122.4,0.025064000025953357
122.5,0.026619757805234942
122.6,0.027891871527013883
122.7,0.028861122480267874
122.8,0.029516867704858438
122.9,0.02985696776332596
123.0,0.029885566283422385
123.1,0.029612223974220777
123.2,0.02905088753480199
123.3,0.028219044882423834
123.4,0.027136510557054554
123.5,0.02582493158692068
123.6,0.024306054589195873
123.7,0.022599962552244588
123.8,0.020725122923200286
123.9,0.018698882743312297
124.0,0.016537734945667487
124.1,0.014264575394915914
124.2,0.011911876935673546
124.3,0.009520917564753826
124.4,0.007144923800131434
124.5,0.004862062046002394
124.6,0.002846818267394194
124.7,0.0018173012109771812
124.8,0.0027179643216952445
124.9,0.0042536188689940605
125.0,0.005748309847070737
125.1,0.007068090748294176
125.2,0.00817099963291632
125.3,0.009038985892330702
125.4,0.00966349927256087
125.5,0.010041194238740652
125.6,0.01017252787013674
125.7,0.010060999474257494
125.8,0.009712511378394795
125.9,0.009134950859217521
126.0,0.008338025984635318
126.1,0.0073477619336010155
126.2,0.006199940050483744
126.3,0.004941686617944037
126.4,0.003635215031744904
126.5,0.0023878092564681664
126.6,0.001515968438618554
126.7,0.0017267626148251196
126.8,0.0027150648773590813
126.9,0.003853818060096458
127.0,0.004969826619128963
127.1,0.006016823410501254
127.2,0.006981771005154196
127.3,0.00786507998249065
127.4,0.008673481917144612
127.5,0.009417399371802065
127.6,0.010108091449881344
127.7,0.01075593158181174
127.8,0.011367916604365392
127.9,0.011946346070031172
128.0,0.012488030877733996
128.1,0.012984704816800969
128.2,0.01342290893322777
128.3,0.013785982269403863
128.4,0.014054557742976861
128.5,0.01420964594889377
128.6,0.014233687378589278
128.7,0.014112573313887006
128.8,0.013836787677228292
128.9,0.013402454190513039
129.0,0.012811464078338362
129.1,0.012070705095674579
129.2,0.011190828138059666
129.3,0.010185016087236091
129.4,0.009069816777244154
129.5,0.007864203452261048
129.6,0.006589636069215217
129.7,0.0052694936749954485
129.8,0.00393265059936057
129.9,0.002627979479799443
130.0,0.0015157323940682764
130.1,0.001305676035339575
130.2,0.0022570392095280513
130.3,0.003518137471376657
130.4,0.004842822695254863
130.5,0.006183268483616019
130.6,0.007526571525801118
130.7,0.00886766059615106
130.8,0.01020171769182892
130.9,0.011521563900288646
131.0,0.012815832665557126
131.1,0.014068130261659718
131.2,0.015257361220615247
131.3,0.016358054098855844
131.4,0.01734260752376931
131.5,0.018182963964016353
131.6,0.018853025431913133
131.7,0.019337415733783517
131.8,0.019627208159956992
131.9,0.019719601411558856
132.0,0.019615195222254425
132.1,0.019315080168787864
132.2,0.018821740566671595
132.3,0.018138930669899158
132.4,0.017274474432873815
132.5,0.016245629821796392
132.6,0.015076917392968793
132.7,0.013799244685495241
132.8,0.012447370632223814
132.9,0.01105804250418574
133.0,0.009667737815934193
133.1,0.008310182868905766
133.2,0.007015033340627278
133.3,0.005806459135423718
133.4,0.004702651413150166
133.5,0.0037159927754011955
133.6,0.0028534343601467733
133.7,0.0021175212875959282
133.8,0.0015078080518334046
133.9,0.0010236983671189114
134.0,0.000669975847921935
134.1,0.00046248690617358627
134.2,0.00040379307511725226
134.3,0.000426247401807049
134.4,0.00045164844519599923
134.5,0.00044719954265345886
134.6,0.0004074632015578776
134.7,0.0003457574036770355
134.8,0.0003121976963921587
134.9,0.0003955892725999031
135.0,0.0006123100560285375
135.1,0.0009236880396112333
135.2,0.001308330923474447
135.3,0.00175581783408524
135.4,0.0022577514346479232
135.5,0.002804334320963541
135.6,0.0033830732320713503
135.7,0.003978845693056395
135.8,0.0045740577058790465
135.9,0.005150043210792308
136.0,0.005687761197440331
136.1,0.006169205433286789
136.2,0.006578475742900201
136.3,0.0069029941817771775
136.4,0.00713393576387604
136.5,0.007265756070740053
136.6,0.007298246458494764
136.7,0.007236370564070848
136.8,0.007091308265062554
136.9,0.006880085414405653
137.0,0.0066253414775257966
137.1,0.006353256247669239
137.2,0.006091905999552139
137.3,0.005870932678362223
137.4,0.005714892577246466
137.5,0.005645521230029893
137.6,0.00568097716146731
137.7,0.005836701490250302
137.8,0.006125075833100275
137.9,0.0065553508786674415
138.0,0.007134107288789939
138.1,0.007866026391681944
138.2,0.008741348585409384
138.3,0.00973353231869024
138.4,0.010801345592209311
138.5,0.011891869966489948
138.6,0.012945037117726132
138.7,0.013908970312087047
138.8,0.014745448238262612
138.9,0.015426725461089592
139.0,0.01593403032310123
139.1,0.016255864956340915
139.2,0.016386936133042648
139.3,0.016326923888554067
139.4,0.016076763862777885
139.5,0.015638588780997244
139.6,0.015015582976355513
139.7,0.014211871637790271
139.8,0.013232273516500637
139.9,0.012093959390155895
140.0,0.010830765592710796
140.1,0.009487647989394426
140.2,0.008115967243052509
140.3,0.006768572074515483
140.4,0.005492814091074919
140.5,0.004323759957050581
140.6,0.003288263736128105
140.7,0.0024073606342724088
140.8,0.0016985724862899686
140.9,0.001172283497886944
141.0,0.0008223381736883028
141.1,0.0006122832265156527
141.2,0.0005085959705613855
141.3,0.0005503626357273418
141.4,0.0007833771147810045
141.5,0.0011650333184799046
141.6,0.0016427634024707978
141.7,0.002182154784472796
141.8,0.002760239359180245
141.9,0.003362038614708011
142.0,0.003980016451104735
142.1,0.004612981560011918
142.2,0.005266193244103693
142.3,0.005949823146930579
142.4,0.006678033979242752
142.5,0.007466759707286311
142.6,0.00833132582489602
142.7,0.009283735229375333
142.8,0.010329876785710247
142.9,0.011466692587754842
143.0,0.012681476173049013
143.1,0.013950572595212245
143.2,0.01524076460069137
143.3,0.016511428484125984
143.4,0.01771722806265069
143.5,0.018812057625978915
143.6,0.019753365958930548
143.7,0.020509105609599416
143.8,0.021058379343169186
143.9,0.021388188603482607
144.0,0.021493299716969526
144.1,0.021382042606304958
144.2,0.021073565479003187
144.3,0.020597498153706848
144.4,0.019992560251385853
144.5,0.019305686877194316
144.6,0.018590317951521666
144.7,0.01788965999391272
144.8,0.017242061374944263
144.9,0.01667955178655143
145.0,0.01622895209504855
145.1,0.015911986267174112
145.2,0.015746019607693205
145.3,0.01574462575593793
145.4,0.015917239602694665
145.5,0.01627007991474262
145.6,0.016779805866911544
145.7,0.01740134409742913
145.8,0.018072454109680006
145.9,0.018720313760618175
146.0,0.01928945022246001
146.1,0.01973724764239955
146.2,0.020032860475032416
146.3,0.02015535380554896
146.4,0.02009160597786285
146.5,0.01983593575970619
146.6,0.01938785382926611
146.7,0.01875158299891443
146.8,0.017935062892898743
146.9,0.01694696766022405
147.0,0.01579566106947628
147.1,0.01448990195089869
147.2,0.013038414088990764
147.3,0.011450314984940924
147.4,0.009735429161282071
147.5,0.007905423144891144
147.6,0.005981206123039301
147.7,0.00401099067510747
147.8,0.0021667549232295227
147.9,0.0015883610119864612
148.0,0.003173759435303447
148.1,0.005228296273700007
148.2,0.007329146375867456
148.3,0.009381214225545477
148.4,0.011330065100523356
148.5,0.013129742296030934
148.6,0.014737364234011044
148.7,0.01612300549136657
148.8,0.017266866957435914
148.9,0.018157797370546933
149.0,0.01879138887353802
149.1,0.019169296814660775
149.2,0.01929755459380904
149.3,0.019183475850902777
149.4,0.018835449520006944
149.5,0.01826252407658615
149.6,0.017474290978836595
149.7,0.016481047418379892
149.8,0.015293299553400815
149.9,0.01392224623314187
150.0,0.012379975457022158
150.1,0.01067984217370959
150.2,0.00883850839549773
150.3,0.006878865101159891
150.4,0.0048462691312605504
150.5,0.002895566465966329
150.6,0.0019180245247235317
150.7,0.003266316137265842
150.8,0.005472900323476065
150.9,0.007823135135590915
151.0,0.010151274822484603
151.1,0.01237356997131714
151.2,0.014425914012320119
151.3,0.016256166536520577
151.4,0.017830293970327264
151.5,0.01912544235002403
151.6,0.02012876186524182
151.7,0.020835579426842183
151.8,0.02124744098117889
151.9,0.021370902818078203
152.0,0.021217132473464177
152.1,0.020800951177174506
152.2,0.020138944286590618
152.3,0.01924673726048851
152.4,0.018139563298823363
152.5,0.01683232207414974
152.6,0.015339602710956276
152.7,0.013676155248112238
152.8,0.01185700773404865
152.9,0.009898371456691165
153.0,0.007820337733524694
153.1,0.005656551973299102
153.2,0.0035008588976988084
153.3,0.0018924607874418616
153.4,0.002725346241785321
153.5,0.004969548450063997
153.6,0.007447396013952712
153.7,0.009942438593041938
153.8,0.012369855191445872
153.9,0.014671288346240591
154.0,0.016799119552807794
154.1,0.018713542156132416
154.2,0.020381710508768736
154.3,0.021779405458521122
154.4,0.022892741409183293
154.5,0.023715525744394506
154.6,0.02424809308641866
154.7,0.02449625544029174
154.8,0.024470148961772305
154.9,0.024183152039459366
155.0,0.02364872786442084
155.1,0.022880535786309827
155.2,0.021892003288411926
155.3,0.020696699311068368
155.4,0.019308331618100295
155.5,0.017740351579510597
155.6,0.016006548141169884
155.7,0.014121158964708488
155.8,0.012099845370167535
155.9,0.009960767749641638
156.0,0.007730242527381737
156.1,0.005461582967525714
156.2,0.003333070456962994
156.3,0.002267844414350176
156.4,0.003629343109654539
156.5,0.005968607627757855
156.6,0.008471419998784
156.7,0.01093467239150785
156.8,0.013258834155967321
156.9,0.015375017960807614
157.0,0.01723970109795526
157.1,0.018823263147267687
157.2,0.020107859810224792
157.3,0.021084683211278602
157.4,0.021752452514957363
157.5,0.022115668846870273
157.6,0.022184209840475096
157.7,0.021971153421313373
157.8,0.021493219953511476
157.9,0.020767715290724093
158.0,0.019811191869961324
158.1,0.018640047249367905
158.2,0.017270342513036968
158.3,0.015717675323359194
158.4,0.013997502995701995
158.5,0.012125261031378641
158.6,0.010118281196947526
158.7,0.00799852137127089
158.8,0.005804256934492975
158.9,0.003643637805897142
159.0,0.0020900368440089187
159.1,0.0028729540423459254
159.2,0.005048477521529587
159.3,0.0074553854789957
159.4,0.009842038992811802
159.5,0.012103348492366045
159.6,0.014173992721550434
159.7,0.016012167089812134
159.8,0.017590212408608707
159.9,0.01889148869512855
160.0,0.01990790752413059
160.1,0.020637980518536235
160.2,0.02108602957509956
160.3,0.021260616094421377
160.4,0.021172860911553407
160.5,0.0208360723058239
160.6,0.020273939494391525
160.7,0.019516799873700457
160.8,0.018599808242489642
160.9,0.017559657447310514
161.0,0.016431963531845274
161.1,0.015249079517537937
161.2,0.01403751837379292
161.3,0.01281694155244992
161.4,0.011599252497537944
161.5,0.010388042083888702
161.6,0.009179475166323755
161.7,0.007962417360726158
161.8,0.006722496863813165
161.9,0.0054516029078959995
162.0,0.004149653754183119
162.1,0.002842471927014907
162.2,0.0016792430867196382
162.3,0.0014440497745965382
162.4,0.0025751503505599613
162.5,0.004160217136165755
162.6,0.005911046692360102
162.7,0.007746025239979828
162.8,0.009607274057586964
162.9,0.011434864608247377
163.0,0.013165208718610594
163.1,0.014738782352925547
163.2,0.016115365122787047
163.3,0.01726536643711984
163.4,0.018169936183925078
163.5,0.018818396200783242
163.6,0.019207050699414446
163.7,0.019337930827550313
163.8,0.019217723086643705
163.9,0.018857396501033356
164.0,0.01826922345460304
164.1,0.017465383880358887
164.2,0.01646669004686066
164.3,0.015301147762000198
164.4,0.014001613177445034
164.5,0.012603583118119823
164.6,0.011142363372471032
164.7,0.009650891769077788
164.8,0.008158567013844466
164.9,0.006690570805567971
165.0,0.005269236670650857
165.1,0.003918383381183928
165.2,0.0026793257078195475
165.3,0.0016845590730681862
165.4,0.0013926250847652233
165.5,0.002036833094836557
165.6,0.0030344366902018065
165.7,0.0041144213693879534
165.8,0.005212268758006514
165.9,0.006307646249070396
166.0,0.00738898755075601
166.1,0.00844421994315154
166.2,0.009457456935085373
166.3,0.010408960971114106
166.4,0.011275611729102509
166.5,0.012032487641413066
166.6,0.012654463170344705
166.7,0.013121026099160786
166.8,0.0134202274087276
166.9,0.013545730339413664
167.0,0.013493742533603508
167.1,0.013261877889776886
167.2,0.012849534854732619
167.3,0.012257716042657112
167.4,0.011488988867533302
167.5,0.010546984254418247
167.6,0.00943736132365234
167.7,0.008167156095306891
167.8,0.006746062498395838
167.9,0.005189035426830569
168.0,0.0035443981974031037
168.1,0.001966047736443212
168.2,0.001361363235091668
168.3,0.002622275765361384
168.4,0.004297195931105404
168.5,0.0059434079764031315
168.6,0.007457198660884054
168.7,0.008789965348319672
168.8,0.009912945421390635
168.9,0.010809448992118328
169.0,0.011470948626381582
169.1,0.011895401068658058
169.2,0.012085910834699759
169.3,0.012047126982989622
169.4,0.011784560782215821
169.5,0.011304986547582265
169.6,0.010616292683469397
169.7,0.009733032653979403
169.8,0.008686181836685484
169.9,0.007517756599582724
170.0,0.006278459059103493
170.1,0.005024538840286346
170.2,0.0038147455342663265
170.3,0.00270960308705471
170.4,0.00179157924926627
170.5,0.0012335864623655324
170.6,0.0012378506764901857
170.7,0.0015754236967352464
170.8,0.0019183046374742533
170.9,0.002140454795287425
171.0,0.0022101543649117265
171.1,0.002129773907742625
171.2,0.0019194658208049771
171.3,0.001609720603901629
171.4,0.0012363380260238725
171.5,0.0008364365699708729
171.6,0.00044566698763156664
171.7,0.00011109791402054099
171.8,0.00022992563850837025
171.9,0.00044918636350148013
172.0,0.000592692125302196
172.1,0.0006562046905426064
172.2,0.0006456838271323788
172.3,0.0005742769266748
172.4,0.000460813908734887
172.5,0.0003287993517774537
172.6,0.00020702705767013368
172.7,0.00013033688115432124
172.8,0.00011209802404058645
172.9,0.00013853141471002512
173.0,0.0002600031916896083
173.1,0.0005135598502784256
173.2,0.0009044679221166741
173.3,0.0014379927509613902
173.4,0.0021195360129966073
173.5,0.0029448545325121674
173.6,0.0038986526534886714
173.7,0.004955677409322332
173.8,0.0060809684366422995
173.9,0.007231943684851069
174.0,0.008360856068628606
174.1,0.009417425195903315
174.2,0.010353853420075682
174.3,0.011137940277281147
174.4,0.011746073064610276
174.5,0.012163587768426645
174.6,0.012382575654277686
174.7,0.012400724392259069
174.8,0.012220885492122451
174.9,0.011847294601145853
175.0,0.011284711196088253
175.1,0.010538779153359648
175.2,0.009616149713868065
175.3,0.008524108026949643
175.4,0.007271144239177728
175.5,0.00586886340684646
175.6,0.004335950496734964
175.7,0.0027395124368479904
175.8,0.001359018904099083
175.9,0.0015795261482276976
176.0,0.003041065455878764
176.1,0.004595764307050273
176.2,0.006053369754751424
176.3,0.007356785238891427
176.4,0.008477117593974208
176.5,0.009398104044768216
176.6,0.01011031430430672
176.7,0.010607334730286832
176.8,0.01088571153598693
176.9,0.010944214702296735
177.0,0.010783617592580055
177.1,0.010407027643660695
177.2,0.009819197475607003
177.3,0.009026531929815377
177.4,0.008037453435163436
177.5,0.006866607664118835
177.6,0.005551956244299768
177.7,0.004148335125980257
177.8,0.002738648492534528
177.9,0.0015168188447622912
178.0,0.0012511393656284842
178.1,0.0021606777293001487
178.2,0.003250971876240251
178.3,0.0042461165634905375
178.4,0.005080835341763929
178.5,0.00572988635842076
178.6,0.006184750045439184
178.7,0.006445386042136971
178.8,0.006517467193912498
178.9,0.0064116223312226705
179.0,0.0061425064497141494
179.1,0.0057276508837731865
179.2,0.005186254751377786
179.3,0.00453847543728218
179.4,0.003804351057434268
179.5,0.0030036546090278283
179.6,0.002157337087819011
179.7,0.0012968412046260101
179.8,0.00057359453594443
179.9,0.0008650182809418592
180.0,0.0017431687602512767
180.1,0.0026961737511849303
180.2,0.003674311517602165
180.3,0.004669584735843106
180.4,0.005682443905357897
180.5,0.006717149185372613
180.6,0.00778012707670183
180.7,0.00887994296224938
180.8,0.010026569412877329
180.9,0.011231637228437601
181.0,0.012507275560400884
181.1,0.013862540417668101
181.2,0.015304571885652726
181.3,0.016838446826439597
181.4,0.018468072924898334
181.5,0.020195420465116885
181.6,0.022021057955791803
181.7,0.023943913309142834
181.8,0.025962076509774747
181.9,0.028072106981474634
182.0,0.030269486588493273
182.1,0.03253598134358563
182.2,0.03484320544069689
182.3,0.037151618325706695
182.4,0.03941198160695692
182.5,0.041567586784878485
182.6,0.04355671242203789
182.7,0.045315197969369204
182.8,0.046789091494134016
182.9,0.04794225480286594
183.0,0.04875147720192861
183.1,0.04920478597622044
183.2,0.049299236785331116
183.3,0.04903974320349589
183.4,0.048436587077025854
183.5,0.04750524515337336
183.6,0.04626509788351358
183.7,0.04473831423348169
183.8,0.04294901791380943
183.9,0.04092306510249798
184.0,0.03868712738327319
184.1,0.0362685684131489
184.2,0.033694737167402636
184.3,0.03099024606784726
184.4,0.02818518443529816
184.5,0.025313715651567217
184.6,0.02241314856302893
184.7,0.01952181178908616
184.8,0.01667810574597226
184.9,0.013918896356413578
185.0,0.011278511246583427
185.1,0.00878904110356788
185.2,0.006483173790756477
185.3,0.004404617643399632
185.4,0.0026566061948927974
185.5,0.0016474899170658792
185.6,0.002051229279742205
185.7,0.0030959707527743663
185.8,0.004142731727761322
185.9,0.0050544194062347265
186.0,0.005799829012671702
186.1,0.00637242703669419
186.2,0.006772243842688542
186.3,0.007001477628060945
186.4,0.007062352776845577
186.5,0.00695602987410086
186.6,0.006682186707107855
186.7,0.006239112042453695
186.8,0.005627233680090805
186.9,0.004851980173813159
187.0,0.003927098046741466
187.1,0.0028897430159536414
187.2,0.0018759063600275977
187.3,0.0014976841933222167
187.4,0.0024336785616766786
187.5,0.0040020267485744295
187.6,0.005831170942812119
187.7,0.007832657912024943
187.8,0.009974305891609362
187.9,0.012238552835110524
188.0,0.01461314447169678
188.1,0.01708066801238689
188.2,0.01961451588634684
188.3,0.02218118354937532
188.4,0.024741386929333843
188.5,0.027251056295101515
188.6,0.029662833846958815
188.7,0.03192827302122091
188.8,0.03399950407517604
188.9,0.03583277729764853
189.0,0.03738938506390711
189.1,0.03863597992052063
189.2,0.03954735400575849
189.3,0.040110800225952085
189.4,0.04032191425869124
189.5,0.04018396674567764
189.6,0.039706805636875085
189.7,0.03890489813224509
189.8,0.03779670421781392
189.9,0.0364038249361658
190.0,0.034749957886634715
190.1,0.03286094187970322
190.2,0.030766355023594236
190.3,0.028497327021131304
190.4,0.026085658373469073
190.5,0.02356203379167369
190.6,0.0209549527493565
190.7,0.01829119129189215
190.8,0.0155952219808893
190.9,0.012889781820218878
191.0,0.010197101239301287
191.1,0.007545037852279607
191.2,0.004990181336372594
191.3,0.0027623658153458313
191.4,0.0021747774611608015
191.5,0.00397099535038274
191.6,0.006348688623679248
191.7,0.00882590203725255
191.8,0.011316325163492008
191.9,0.013791196724991782
192.0,0.0162324879429218
192.1,0.018622302624635875
192.2,0.02093988289454031
192.3,0.023159960446277418
192.4,0.0252534879713813
192.5,0.02718788248063904
192.6,0.028929218699246684
192.7,0.03044389595760216
192.8,0.031701126295751315
192.9,0.032683230315043534
193.0,0.03338041809763298
193.1,0.03379006552441058
193.2,0.03391558733441836
193.3,0.03376553037453455
193.4,0.03335208605061154
193.5,0.032690285855392916
193.6,0.03179613757803181
193.7,0.03068516971568823
193.8,0.02937213867496494
193.9,0.027871201972475473
194.0,0.026196412621032398
194.1,0.02436112802863871
194.2,0.022378515245151626
194.3,0.02026640586191151
194.4,0.018046339445242542
194.5,0.015742403942731343
194.6,0.013381621036424924
194.7,0.010993754152074774
194.8,0.008613987872427842
194.9,0.006288875559004934
195.0,0.004105429396771183
195.1,0.002349785545161646
195.2,0.002109481268853708
195.3,0.0034748036380029077
195.4,0.005140749096313483
195.5,0.0067265718037984494
195.6,0.008130136219113529
195.7,0.009307734150457013
195.8,0.010239029589428123
195.9,0.010915200414056468
196.0,0.011335553334614787
196.1,0.011505370217049383
196.2,0.011433352536436127
196.3,0.011128209178972939
196.4,0.010600181777275716
196.5,0.00986033901296945
196.6,0.008921185888628962
196.7,0.007797408276001824
196.8,0.006507204217619013
196.9,0.005079615219605217
197.0,0.0035795197080785673
197.1,0.0022445513322367746
197.2,0.002029310784062992
197.3,0.0033827092820136124
197.4,0.005273901925985532
197.5,0.007291937862857616
197.6,0.009298294497759685
197.7,0.011207931026890753
197.8,0.012963086196129842
197.9,0.014524683014318255
198.0,0.015865862918770474
198.1,0.016970037061516327
198.2,0.017828297038711742
198.3,0.018438300892404624
198.4,0.01880247346134297
198.5,0.01892438018358396
198.6,0.018809184394085982
198.7,0.018463059993527795
198.8,0.01789330293936446
198.9,0.017108174501028327
199.0,0.016116677967810213
199.1,0.01492900975493341
199.2,0.013558343505225365
199.3,0.012030927718377375
199.4,0.010380400136348245
199.5,0.008647106935029465
199.6,0.006875926740511679
199.7,0.005116679779700745
199.8,0.0034338529699606143
199.9,0.0019655704764367007
