time,x,y,z,error
0.0,0.0,0.0,0.0,0.0
0.1,0.001137885614298284,0.00016101701476145536,0.0004943597596138716,0.020524070256775807
0.2,0.003446822287514806,0.0008821049705147743,0.0014429284492507577,0.03991425441260032
0.30000000000000004,0.0071669090539216995,0.002230987651273608,0.002781856572255492,0.05796471587044415
0.4,0.012212268076837063,0.004910571966320276,0.004446061328053474,0.07421542063317006
0.5,0.018145082518458366,0.008472445420920849,0.006504400167614222,0.08929879956493524
0.6000000000000001,0.02497768960893154,0.013912547379732132,0.008796598762273788,0.10244070616822927
0.7000000000000001,0.033232156187295914,0.020968731492757797,0.01124620158225298,0.11349782832524857
0.8,0.041738349944353104,0.029585454612970352,0.01390808168798685,0.12328046862602253
0.9,0.05203726142644882,0.040267642587423325,0.01645507477223873,0.1303831106979421
1.0,0.06341385096311569,0.05294227600097656,0.01887616142630577,0.13533556417448325
1.1,0.07609546184539795,0.06724829226732254,0.021114610135555267,0.13826415837486417
1.2000000000000002,0.09005789458751678,0.08300089091062546,0.023098880425095558,0.13931908440827923
1.3,0.10511644184589386,0.09991064667701721,0.024828370660543442,0.13884687877651958
1.4000000000000001,0.12107119709253311,0.11771377176046371,0.02631719410419464,0.1371905302463555
1.5,0.13785554468631744,0.13624122738838196,0.02748509682714939,0.1345026113213059
1.6,0.1552790105342865,0.15536437928676605,0.02836812287569046,0.13104163383804865
1.7000000000000002,0.1735123246908188,0.17506848275661469,0.028757888823747635,0.1266505627584659
1.8,0.19200082123279572,0.19506144523620605,0.028864804655313492,0.12200609234509222
1.9000000000000001,0.21075136959552765,0.21508543193340302,0.028698867186903954,0.11729757648396849
2.0,0.22968699038028717,0.23499801754951477,0.028225813060998917,0.11266222643589142
2.1,0.2487497329711914,0.2547314167022705,0.027357205748558044,0.10813705241846415
2.2,0.26775991916656494,0.274173766374588,0.026209797710180283,0.10397877575124162
2.3000000000000003,0.2867153584957123,0.2932160496711731,0.024716921150684357,0.10018771449905649
2.4000000000000004,0.30550915002822876,0.3118056356906891,0.02294694446027279,0.0968870613334221
2.5,0.3241110146045685,0.3298688232898712,0.02091778814792633,0.09410651080229018
2.6,0.3424791991710663,0.34736666083335876,0.01860741339623928,0.09181744653547737
2.7,0.3605579435825348,0.3642851412296295,0.016092030331492424,0.09006575402895073
2.8000000000000003,0.3783608675003052,0.3804994821548462,0.013203829526901245,0.08862331121103083
2.9000000000000004,0.3958674967288971,0.3958549499511719,0.00974177848547697,0.08719850565120488
3.0,0.41306474804878235,0.41044339537620544,0.0060726916417479515,0.08605296001719366
3.1,0.4298648536205292,0.424356073141098,0.0022894071880728006,0.08523594241413143
3.2,0.4462642967700958,0.4375896751880646,-0.0015236475737765431,0.08475203412802997
3.3000000000000003,0.4622892737388611,0.45005297660827637,-0.005358465015888214,0.08449701409856496
3.4000000000000004,0.47789904475212097,0.461615651845932,-0.009323081001639366,0.08424528360437479
3.5,0.49310585856437683,0.4722262918949127,-0.0133631881326437,0.08393672139123512
3.6,0.5079143643379211,0.48197826743125916,-0.017362480983138084,0.08364129161400505
3.7,0.522312343120575,0.49086499214172363,-0.02129807136952877,0.0833157037361361
3.8000000000000003,0.5363077521324158,0.4988490343093872,-0.025162743404507637,0.08289401592069497
3.9000000000000004,0.5499016642570496,0.5059268474578857,-0.02894560806453228,0.08234031661899337
4.0,0.5630469918251038,0.5118522644042969,-0.032949890941381454,0.08123362012762099
4.1000000000000005,0.5758156776428223,0.5168071985244751,-0.03691711649298668,0.07986481843928468
4.2,0.5881967544555664,0.5209629535675049,-0.04073387756943703,0.07841326681146298
4.3,0.6002110242843628,0.5243098735809326,-0.04438089206814766,0.07688650345402667
4.4,0.6118698716163635,0.5268107652664185,-0.04798286408185959,0.07516618647328165
4.5,0.6232102513313293,0.5284486413002014,-0.051648370921611786,0.07316466679305476
4.6000000000000005,0.6342958211898804,0.5292390584945679,-0.05544011667370796,0.07085361825387351
4.7,0.6450634598731995,0.5293757915496826,-0.059043437242507935,0.06862562601983807
4.800000000000001,0.6555389165878296,0.5289566516876221,-0.062433063983917236,0.06657933030500349
4.9,0.6657618284225464,0.5280160307884216,-0.06561627984046936,0.06475013136865818
5.0,0.6757702231407166,0.5265971422195435,-0.0686027929186821,0.06317188960720277
5.1000000000000005,0.6856431365013123,0.5247352719306946,-0.07147207856178284,0.0618000094744542
5.2,0.6955381035804749,0.5224565267562866,-0.07443354278802872,0.0604414124497527
5.300000000000001,0.7052808403968811,0.5198028683662415,-0.07719267904758453,0.05940014345311506
5.4,0.7148921489715576,0.5168202519416809,-0.0797586739063263,0.05868146629188733
5.5,0.7243305444717407,0.5135316848754883,-0.08206340670585632,0.05835745691924266
5.6000000000000005,0.7336735129356384,0.509962797164917,-0.08419966697692871,0.05832224275187258
5.7,0.7428724765777588,0.506111741065979,-0.08611678332090378,0.058615584427186534
5.800000000000001,0.7521687150001526,0.5019840002059937,-0.08817103505134583,0.05882735017892074
5.9,0.7613750696182251,0.4975467920303345,-0.09015567600727081,0.05916835000992237
6.0,0.7705045342445374,0.4928610622882843,-0.09208116680383682,0.05961757668183379
6.1000000000000005,0.7795098423957825,0.48788926005363464,-0.09393350780010223,0.060178860076232986
6.2,0.7884305119514465,0.48265278339385986,-0.09579820930957794,0.06074940258938071
6.300000000000001,0.7971996068954468,0.47713756561279297,-0.09761880338191986,0.0613865740829255
6.4,0.8057718873023987,0.4713849127292633,-0.099306121468544,0.062179378597699016
6.5,0.8143507838249207,0.46533846855163574,-0.10125984251499176,0.06268449639969399
6.6000000000000005,0.8229224681854248,0.45896342396736145,-0.10355668514966965,0.06282549386198147
6.7,0.8313528895378113,0.4523429572582245,-0.10587164014577866,0.06294575546954248
6.800000000000001,0.8395944237709045,0.4454752206802368,-0.10813852399587631,0.06311633367269211
6.9,0.8476278781890869,0.43840017914772034,-0.11025785654783249,0.06343583713138737
7.0,0.8556469082832336,0.43101757764816284,-0.11264142394065857,0.06346351984115
7.1000000000000005,0.8634966015815735,0.42337310314178467,-0.11499866843223572,0.06351495943829956
7.2,0.8712688684463501,0.4154641628265381,-0.1174406036734581,0.0634663947351755
7.300000000000001,0.8788986206054688,0.4073028266429901,-0.11982998251914978,0.06346764575797209
7.4,0.8864064812660217,0.39889955520629883,-0.12218214571475983,0.06350439627034768
7.5,0.8937830924987793,0.3902340233325958,-0.12451281398534775,0.06356733591880416
7.6000000000000005,0.9008514285087585,0.3815596103668213,-0.12621255218982697,0.06429533670136821
7.7,0.9078361988067627,0.3726451098918915,-0.12790542840957642,0.06504427839150674
7.800000000000001,0.9146245718002319,0.3634439706802368,-0.12955649197101593,0.065864393215846
7.9,0.9212782382965088,0.35397353768348694,-0.1312417834997177,0.06667733525673837
8.0,0.9276696443557739,0.3442782461643219,-0.13281123340129852,0.0676482156481332
8.1,0.9338958263397217,0.3343392312526703,-0.13441599905490875,0.06861946787818977
8.200000000000001,0.9397936463356018,0.32420653104782104,-0.13590136170387268,0.06975933006087205
8.3,0.9454147219657898,0.3137626051902771,-0.13751214742660522,0.07080416351049759
8.4,0.9507549405097961,0.3030317425727844,-0.1392606645822525,0.07174014735871474
8.5,0.9557885527610779,0.2920287549495697,-0.14114642143249512,0.07256609786574914
8.6,0.9605125188827515,0.2807227075099945,-0.14318127930164337,0.07325972316830011
8.700000000000001,0.9649056196212769,0.26919230818748474,-0.14531907439231873,0.07387691732708501
8.8,0.9689781069755554,0.2574847936630249,-0.14749890565872192,0.07448477551313898
8.9,0.9727767109870911,0.24555931985378265,-0.1497483104467392,0.07504537168711989
9.0,0.9762547612190247,0.2335326075553894,-0.15191976726055145,0.07572802821869373
9.1,0.97947758436203,0.22112904489040375,-0.15428771078586578,0.07619281003725994
9.200000000000001,0.9825308322906494,0.2081308364868164,-0.15703408420085907,0.07619361037350866
9.3,0.9853551387786865,0.19481134414672852,-0.15985684096813202,0.07608573000174969
9.4,0.9880536198616028,0.1811549961566925,-0.1627698689699173,0.07584491500615534
9.5,0.9906079769134521,0.16709744930267334,-0.16580212116241455,0.07541674134351724
9.600000000000001,0.9930437803268433,0.15278410911560059,-0.16878579556941986,0.07500017048473002
9.700000000000001,0.995417058467865,0.13817662000656128,-0.17177803814411163,0.0745266177457936
9.8,0.9976901412010193,0.1232413798570633,-0.17478589713573456,0.07397634515069663
9.9,0.9998902678489685,0.10799942910671234,-0.17778967320919037,0.07337634072960793
10.0,1.0020235776901245,0.09242262691259384,-0.18083599209785461,0.07267834894672746
10.100000000000001,1.004095435142517,0.07653038948774338,-0.18391601741313934,0.07190561683134022
10.200000000000001,1.0061078071594238,0.06039173901081085,-0.18698230385780334,0.07113595658827326
10.3,1.0080384016036987,0.04404089227318764,-0.19002167880535126,0.07040370102302572
10.4,1.009813904762268,0.027466624975204468,-0.1931210607290268,0.06962886871163902
10.5,1.0114569664001465,0.010800723917782307,-0.19619785249233246,0.06893888469127683
10.600000000000001,1.0128631591796875,-0.005877648014575243,-0.19924551248550415,0.06834726168993936
10.700000000000001,1.013964056968689,-0.022509580478072166,-0.20230206847190857,0.06781276312454271
10.8,1.0147243738174438,-0.03902069851756096,-0.20538437366485596,0.06731399788078976
10.9,1.0150290727615356,-0.05540093407034874,-0.20865033566951752,0.06665765928184529
11.0,1.0149813890457153,-0.07149481028318405,-0.2118290513753891,0.06613022529885107
11.100000000000001,1.014514446258545,-0.08726655691862106,-0.21496857702732086,0.06565007560092244
11.200000000000001,1.0136481523513794,-0.10266988724470139,-0.21804527938365936,0.06522931677637378
11.3,1.012364149093628,-0.11767594516277313,-0.22106823325157166,0.06483960866187254
11.4,1.0106691122055054,-0.132259339094162,-0.2240346372127533,0.06447587397644014
11.5,1.008539080619812,-0.14641082286834717,-0.2269698977470398,0.06410135080887346
11.600000000000001,1.0060105323791504,-0.1600956916809082,-0.2298281490802765,0.06377432187016369
11.700000000000001,1.003090500831604,-0.17331376671791077,-0.23262029886245728,0.06349395017519387
11.8,0.9997786283493042,-0.18606804311275482,-0.23536217212677002,0.06325790653115239
11.9,0.9960876107215881,-0.1983679085969925,-0.2380487024784088,0.06309153054906706
12.0,0.9920432567596436,-0.21025292575359344,-0.24067656695842743,0.06301992599130822
12.100000000000001,0.9876427054405212,-0.22185026109218597,-0.24332726001739502,0.06295989559980586
12.200000000000001,0.9828377366065979,-0.23341239988803864,-0.24623222649097443,0.06263406872669702
12.3,0.9777339100837708,-0.24474287033081055,-0.24906884133815765,0.06241383812580492
12.4,0.9724281430244446,-0.2559133470058441,-0.25181064009666443,0.06232717163509261
12.5,0.9668154120445251,-0.2672484219074249,-0.2547813355922699,0.06194297004045141
12.600000000000001,0.9609790444374084,-0.2786180377006531,-0.2577837109565735,0.06148056982296075
12.700000000000001,0.9549916982650757,-0.28989556431770325,-0.2606537640094757,0.06113026675661669
12.8,0.9488741755485535,-0.3011380434036255,-0.2634180188179016,0.06083809000253245
12.9,0.9426199197769165,-0.31241366267204285,-0.26614999771118164,0.060498255338275
13.0,0.9362314939498901,-0.3236687183380127,-0.26880350708961487,0.0601626544076384
13.100000000000001,0.929735541343689,-0.334905743598938,-0.27136337757110596,0.05984299418121295
13.200000000000001,0.9231432676315308,-0.34608665108680725,-0.2738010883331299,0.05957925544242859
13.3,0.9164404273033142,-0.357174813747406,-0.27612194418907166,0.059380529664511524
13.4,0.9096185564994812,-0.3681434094905853,-0.2783658504486084,0.05922353013108342
13.5,0.9026903510093689,-0.3789118528366089,-0.2804192304611206,0.05924950705326596
13.600000000000001,0.8956253528594971,-0.3894590735435486,-0.2824007272720337,0.05935620274692975
13.700000000000001,0.8884449601173401,-0.39972513914108276,-0.28417137265205383,0.05970144289799352
13.8,0.8811644315719604,-0.40976682305336,-0.28611254692077637,0.05990844161814012
13.9,0.8736727237701416,-0.41944053769111633,-0.28813689947128296,0.06008592939462792
14.0,0.8660358190536499,-0.4287644028663635,-0.29014500975608826,0.06033189876448896
14.100000000000001,0.8582432270050049,-0.43771427869796753,-0.2920568585395813,0.060729217991158775
14.200000000000001,0.8503287434577942,-0.4463261067867279,-0.29394686222076416,0.06120387516779952
14.3,0.8422306180000305,-0.45455488562583923,-0.2958492934703827,0.06172399821949042
14.4,0.8339447379112244,-0.4624103605747223,-0.2978234887123108,0.06223060218810437
14.5,0.8254845142364502,-0.4699348509311676,-0.2997569143772125,0.06284023898255403
14.600000000000001,0.8168327808380127,-0.4771304130554199,-0.30164963006973267,0.06355869567811306
14.700000000000001,0.8079814314842224,-0.4840099811553955,-0.303506076335907,0.0643894555402735
14.8,0.7989163398742676,-0.4905736446380615,-0.305335134267807,0.06533160593496724
14.9,0.7896096706390381,-0.4967813193798065,-0.3072817325592041,0.06624331347130853
15.0,0.7800313234329224,-0.5025667548179626,-0.30944642424583435,0.06701934322117137
15.100000000000001,0.7701709270477295,-0.5078790783882141,-0.31194791197776794,0.06753672778514833
15.200000000000001,0.7600588202476501,-0.5127487182617188,-0.31444263458251953,0.06813958012989339
15.3,0.7497448921203613,-0.517231822013855,-0.31684377789497375,0.06892804757945958
15.4,0.7392097115516663,-0.5212056040763855,-0.3192140460014343,0.06980327069340753
15.5,0.7284855842590332,-0.524636447429657,-0.3215470016002655,0.07075125732333584
15.600000000000001,0.7176185846328735,-0.5274974703788757,-0.32376405596733093,0.07182282222560558
15.700000000000001,0.7065654397010803,-0.5295736193656921,-0.3262535333633423,0.07256167874375534
15.8,0.6954286694526672,-0.5309149622917175,-0.328736811876297,0.0732242030792542
15.9,0.684235692024231,-0.5315208435058594,-0.3313139081001282,0.07370236222789081
16.0,0.6729305386543274,-0.5311839580535889,-0.3342682719230652,0.0736396212943373
16.1,0.6617142558097839,-0.5301973819732666,-0.33712247014045715,0.07357627858481554
16.2,0.6505824327468872,-0.5285277366638184,-0.33992621302604675,0.07344569099873972
16.3,0.6398262977600098,-0.5265499353408813,-0.3420861065387726,0.07393637804962745
16.400000000000002,0.6290207505226135,-0.5239956378936768,-0.3442869484424591,0.07433422242422108
16.5,0.6180498003959656,-0.5206501483917236,-0.3467007875442505,0.07438816242825477
16.6,0.6068506836891174,-0.5166860222816467,-0.34928444027900696,0.07421450910701106
16.7,0.5955427289009094,-0.512158215045929,-0.35186317563056946,0.07399184671062767
16.8,0.5840626358985901,-0.5071789622306824,-0.3544178903102875,0.07378730175142698
16.900000000000002,0.5723410844802856,-0.501714825630188,-0.3570076823234558,0.07352833034075687
17.0,0.5603652000427246,-0.4958074986934662,-0.3596075177192688,0.07325153550279687
17.1,0.5481089949607849,-0.4895377457141876,-0.3621910810470581,0.07301114439443039
17.2,0.5355957746505737,-0.4829161465167999,-0.3647181987762451,0.07284414356345882
17.3,0.5226117372512817,-0.475819855928421,-0.3674439489841461,0.07245534208629205
17.400000000000002,0.5093216300010681,-0.46839219331741333,-0.3701478838920593,0.07211088600051489
17.5,0.49568766355514526,-0.4606287181377411,-0.37286633253097534,0.07177514786248773
17.6,0.481538861989975,-0.4523695707321167,-0.37591081857681274,0.07109908497077448
17.7,0.46716180443763733,-0.4438364803791046,-0.3788834810256958,0.0705495382594477
17.8,0.4526263475418091,-0.4349934160709381,-0.3817983567714691,0.0700997138272915
17.900000000000002,0.43800482153892517,-0.4258550703525543,-0.384635865688324,0.0697704585144441
18.0,0.42338746786117554,-0.416413277387619,-0.3874169886112213,0.06953010607430257
18.1,0.4088285267353058,-0.4066983759403229,-0.39015206694602966,0.06937025660764226
18.2,0.3944758176803589,-0.39681580662727356,-0.39266735315322876,0.06947060738961629
18.3,0.38014206290245056,-0.3864760100841522,-0.3954147398471832,0.06930418431126846
18.400000000000002,0.36606431007385254,-0.3758589029312134,-0.39809557795524597,0.06918870985406117
18.5,0.35223352909088135,-0.3649711012840271,-0.4007605314254761,0.06907556341060993
18.6,0.33870115876197815,-0.3538363575935364,-0.4033728539943695,0.06900166615149561
18.7,0.3254716992378235,-0.34248560667037964,-0.4059390723705292,0.06897902122130223
18.8,0.3125438094139099,-0.3309851586818695,-0.4084497094154358,0.06905688667941084
18.900000000000002,0.29991281032562256,-0.3192584812641144,-0.41093772649765015,0.06918873097338304
19.0,0.28759750723838806,-0.30735862255096436,-0.41338324546813965,0.06943812677102675
19.1,0.2755228877067566,-0.2952229380607605,-0.4158506691455841,0.06974487828302002
19.200000000000003,0.26376551389694214,-0.2829435467720032,-0.4182782769203186,0.07023646547485064
19.3,0.25228261947631836,-0.27050963044166565,-0.4206615686416626,0.07094272812642458
19.400000000000002,0.24103395640850067,-0.25793513655662537,-0.4229748249053955,0.07191790072500934
19.5,0.23007990419864655,-0.24522115290164948,-0.42520976066589355,0.0732069882172253
19.6,0.21930497884750366,-0.23230338096618652,-0.427421510219574,0.07473402573726051
19.700000000000003,0.20874182879924774,-0.21926330029964447,-0.42953068017959595,0.07662683578156917
19.8,0.1983651965856552,-0.2060880959033966,-0.43153703212738037,0.0788809761131247
19.900000000000002,0.18810689449310303,-0.1927568018436432,-0.4334345757961273,0.08146658034708429
20.0,0.17780442535877228,-0.17917418479919434,-0.43526604771614075,0.08422488110819869
20.1,0.16754665970802307,-0.1654570996761322,-0.43695980310440063,0.08541743280944718
20.200000000000003,0.15704333782196045,-0.1514161080121994,-0.43859347701072693,0.08670631802833681
20.3,0.14618472754955292,-0.1370459645986557,-0.4401317536830902,0.0879991106167303
20.400000000000002,0.13544237613677979,-0.12267156690359116,-0.4414430856704712,0.08975399699373031
20.5,0.12454208731651306,-0.10808681696653366,-0.44261011481285095,0.0916273394070147
20.6,0.1132444441318512,-0.093353271484375,-0.44364771246910095,0.09343953158303331
20.700000000000003,0.10145755112171173,-0.07842304557561874,-0.4445592164993286,0.09505108986548844
20.8,0.08917125314474106,-0.06329584121704102,-0.44534552097320557,0.0964049875055804
20.900000000000002,0.0762547180056572,-0.047903500497341156,-0.44603413343429565,0.09732279528118956
21.0,0.06282051652669907,-0.032375846058130264,-0.44660866260528564,0.09791458385851476
21.1,0.04878053441643715,-0.016649672761559486,-0.44706812500953674,0.09806347382187074
21.200000000000003,0.03421388939023018,-0.0008088435861282051,-0.44736969470977783,0.09786404386858359
21.3,0.019095679745078087,0.015136279165744781,-0.44755035638809204,0.09726710325499745
21.400000000000002,0.0031500752083957195,0.03131118044257164,-0.4476737380027771,0.09597512008901607
21.5,-0.013166157528758049,0.04751690477132797,-0.4476679265499115,0.0944428048493717
21.6,-0.029664359986782074,0.06352150440216064,-0.44743630290031433,0.09295118055583508
21.700000000000003,-0.04656444489955902,0.07955878227949142,-0.44712626934051514,0.09117124001776601
21.8,-0.06409427523612976,0.09553772211074829,-0.4468126595020294,0.08893674079733375
21.900000000000002,-0.08209318667650223,0.11141854524612427,-0.44645509123802185,0.08641962625110935
22.0,-0.10051015764474869,0.1271439641714096,-0.44605571031570435,0.08369816000081255
22.1,-0.11930086463689804,0.14270174503326416,-0.4456251561641693,0.08083043128897825
22.200000000000003,-0.13843224942684174,0.15807069838047028,-0.4451839327812195,0.07786938986298954
22.3,-0.15783289074897766,0.17320604622364044,-0.44471386075019836,0.07493291247542967
22.400000000000002,-0.17748597264289856,0.18807129561901093,-0.4442390501499176,0.07207823897308721
22.5,-0.19738054275512695,0.20269499719142914,-0.4438367486000061,0.06930308339227964
22.6,-0.21755914390087128,0.21712425351142883,-0.44373011589050293,0.0664549977663207
22.700000000000003,-0.23787741363048553,0.2313109189271927,-0.4439407289028168,0.06365423817373925
22.8,-0.2581666111946106,0.24506770074367523,-0.4440903067588806,0.06140889733776599
22.900000000000002,-0.27831488847732544,0.25841087102890015,-0.44419535994529724,0.05977621390491289
23.0,-0.2982306182384491,0.27131715416908264,-0.4443086087703705,0.05873878044274199
23.1,-0.31780707836151123,0.28377869725227356,-0.444431334733963,0.058272692570851096
23.200000000000003,-0.3369791805744171,0.2957541346549988,-0.44451093673706055,0.0583679616630289
23.3,-0.35552072525024414,0.30728888511657715,-0.4448038339614868,0.05864159665414669
23.400000000000002,-0.37347114086151123,0.3183145821094513,-0.44512292742729187,0.059169699760270075
23.5,-0.39080503582954407,0.32887518405914307,-0.44538578391075134,0.05990039514453986
23.6,-0.4074551463127136,0.3389907777309418,-0.4456287622451782,0.06067708101067406
23.700000000000003,-0.42341020703315735,0.3486747741699219,-0.44582024216651917,0.06143759533254086
23.8,-0.43861180543899536,0.35795408487319946,-0.44605395197868347,0.06200779990595752
23.900000000000002,-0.45309245586395264,0.36683017015457153,-0.4462777078151703,0.06240289857748253
24.0,-0.4668915569782257,0.37532415986061096,-0.44643813371658325,0.06265377080570876
24.1,-0.48001787066459656,0.3834680914878845,-0.4465333819389343,0.06274632652662984
24.200000000000003,-0.4924929141998291,0.39128249883651733,-0.44656723737716675,0.0626835845567871
24.3,-0.5043377876281738,0.39879894256591797,-0.44653990864753723,0.062478678243865125
24.400000000000002,-0.5155841112136841,0.40603703260421753,-0.44644710421562195,0.06216620186391109
24.5,-0.5262547135353088,0.4130658805370331,-0.44637253880500793,0.06168969465988358
24.6,-0.5364077091217041,0.41995763778686523,-0.44643446803092957,0.06097306175490324
24.700000000000003,-0.5460898280143738,0.4267027676105499,-0.4465755820274353,0.060122809244225105
24.8,-0.5552993416786194,0.43325185775756836,-0.4466266632080078,0.059360110476171846
24.900000000000002,-0.5641146302223206,0.4396800398826599,-0.4466901123523712,0.05863361687048706
25.0,-0.5725386738777161,0.4459417462348938,-0.44666823744773865,0.058111226550070574
25.1,-0.580666184425354,0.4521105885505676,-0.4466559588909149,0.05774120490392031
25.200000000000003,-0.5885801315307617,0.4581895172595978,-0.44666993618011475,0.057553727797592706
25.3,-0.59619140625,0.4641379714012146,-0.4465903341770172,0.05773525305946145
25.400000000000002,-0.6035524010658264,0.46998363733291626,-0.44642436504364014,0.058317898520832585
25.5,-0.6106927990913391,0.4757094085216522,-0.44613176584243774,0.05938076796020512
25.6,-0.6177666783332825,0.48130932450294495,-0.4457680881023407,0.06084331602399942
25.700000000000003,-0.6247415542602539,0.4867627024650574,-0.44524767994880676,0.06279562672025218
25.8,-0.6317662000656128,0.4920821189880371,-0.4446242153644562,0.06510452412254795
25.900000000000002,-0.63909512758255,0.4971607029438019,-0.4439734220504761,0.06754117917547273
26.0,-0.6471763849258423,0.5019102692604065,-0.44351881742477417,0.06960327543512349
26.1,-0.6559144258499146,0.5062731504440308,-0.44321301579475403,0.0713166509312716
26.200000000000003,-0.6650182604789734,0.5101562738418579,-0.4428662955760956,0.07295474579946669
26.3,-0.6744874715805054,0.5135301351547241,-0.4424654543399811,0.07448945871239274
26.400000000000002,-0.6843563914299011,0.5163138508796692,-0.4420216381549835,0.07584871122563738
26.5,-0.6946260929107666,0.5184418559074402,-0.4415406286716461,0.07698869848603683
26.6,-0.7052958607673645,0.5198433995246887,-0.4410402774810791,0.07785891675199254
26.700000000000003,-0.7162557244300842,0.520491898059845,-0.4404720962047577,0.07853784786267562
26.8,-0.7275112867355347,0.5203216075897217,-0.43988052010536194,0.07895659835716884
26.900000000000002,-0.7389856576919556,0.5192902684211731,-0.43925219774246216,0.07914499292684017
27.0,-0.7506397366523743,0.51735520362854,-0.43861156702041626,0.07908400337919787
27.1,-0.7625858187675476,0.5143520832061768,-0.4381587505340576,0.07849872883512454
27.200000000000003,-0.7747057676315308,0.5102524757385254,-0.43792620301246643,0.07741178999667092
27.3,-0.7867120504379272,0.5052273869514465,-0.43766292929649353,0.07622376607237515
27.400000000000002,-0.7985296845436096,0.4992856979370117,-0.43737703561782837,0.07496473749239346
27.5,-0.810087263584137,0.49244198203086853,-0.4370814561843872,0.07366050565889658
27.6,-0.8212428092956543,0.48479995131492615,-0.4366394877433777,0.07252120288893284
27.700000000000003,-0.8319900035858154,0.4763863980770111,-0.43613001704216003,0.07149624535535219
27.8,-0.842298150062561,0.4671624004840851,-0.43565425276756287,0.0704952022584804
27.900000000000002,-0.8521159291267395,0.4571789801120758,-0.4352134168148041,0.06955614684918725
28.0,-0.8614010214805603,0.4464942216873169,-0.4348144233226776,0.06871043638472811
28.1,-0.8701176643371582,0.4351670742034912,-0.4344688057899475,0.06798107554252268
28.200000000000003,-0.8782393932342529,0.42325887084007263,-0.4341903030872345,0.06738447784362896
28.3,-0.8857450485229492,0.41083332896232605,-0.43398112058639526,0.06694389771054711
28.400000000000002,-0.8926425576210022,0.39797231554985046,-0.43390920758247375,0.06661112304436134
28.5,-0.898923933506012,0.3847654163837433,-0.4338979721069336,0.06647353532114347
28.6,-0.9046658873558044,0.3713458776473999,-0.43415090441703796,0.06631843848541479
28.700000000000003,-0.9098536968231201,0.35777878761291504,-0.43442878127098083,0.06636752501071258
28.8,-0.9145434498786926,0.34417006373405457,-0.43474748730659485,0.06656771392607126
28.900000000000002,-0.9187905788421631,0.33061453700065613,-0.4351046681404114,0.06687057003581276
29.0,-0.9226737022399902,0.3172053098678589,-0.43555423617362976,0.06715944896695142
29.1,-0.92622309923172,0.3039853572845459,-0.4360448122024536,0.0674340988414796
29.200000000000003,-0.92951500415802,0.29099681973457336,-0.43653589487075806,0.06767652680781229
29.3,-0.9325881004333496,0.2782655656337738,-0.43703174591064453,0.06784182779817104
29.400000000000002,-0.9355238676071167,0.26581621170043945,-0.4375767409801483,0.06784462266200454
29.5,-0.9380192160606384,0.25360769033432007,-0.43752968311309814,0.06836695354230685
29.6,-0.940511167049408,0.2416817843914032,-0.43756726384162903,0.06865410385980111
29.700000000000003,-0.9429844617843628,0.23001743853092194,-0.43767407536506653,0.06873851607396579
29.8,-0.9455083012580872,0.2185998111963272,-0.4378441274166107,0.06862148660020304
29.900000000000002,-0.947719395160675,0.20761756598949432,-0.437437504529953,0.06901241708228235
30.0,-0.9500524997711182,0.19681526720523834,-0.43710005283355713,0.06925946809031792
30.1,-0.9523897767066956,0.18628686666488647,-0.43661418557167053,0.06963288198338576
30.200000000000003,-0.9549083709716797,0.175887331366539,-0.4361756443977356,0.06994455827225085
30.3,-0.9574845433235168,0.16568638384342194,-0.4356585741043091,0.07040063603620259
30.400000000000002,-0.960225522518158,0.15547049045562744,-0.43526357412338257,0.07081470843684858
30.5,-0.9631873369216919,0.1452491581439972,-0.4349750876426697,0.07120573245590758
30.6,-0.9663205742835999,0.13499292731285095,-0.43478167057037354,0.07163024037290536
30.700000000000003,-0.9696249961853027,0.12469518929719925,-0.4346659183502197,0.07213253813293999
30.8,-0.9730982184410095,0.1143522635102272,-0.434626042842865,0.07274545841290124
30.900000000000002,-0.9767179489135742,0.10399604588747025,-0.4346155524253845,0.07356102527410509
31.0,-0.9804694056510925,0.09360286593437195,-0.4346352815628052,0.07460704712727471
31.1,-0.984350323677063,0.08315901458263397,-0.4346676170825958,0.07592054102789902
31.200000000000003,-0.9882687330245972,0.07245232164859772,-0.43477311730384827,0.07737586712854923
31.3,-0.9921608567237854,0.06089622154831886,-0.4352034330368042,0.07842757706145208
31.400000000000002,-0.9959696531295776,0.049164123833179474,-0.4356108605861664,0.079687495075215
31.5,-0.9996300935745239,0.03712800145149231,-0.436017781496048,0.08104101321068051
31.6,-1.003066897392273,0.02471485547721386,-0.4364146888256073,0.0824106177930143
31.700000000000003,-1.0062118768692017,0.011874180287122726,-0.43679681420326233,0.0837159025820519
31.8,-1.0089348554611206,-0.0016963176894932985,-0.4373154044151306,0.08458021987133474
31.900000000000002,-1.0113013982772827,-0.01565982960164547,-0.4377964735031128,0.08531099535020373
32.0,-1.013175368309021,-0.030152684077620506,-0.4382738471031189,0.08573041787367251
32.1,-1.0145436525344849,-0.045094940811395645,-0.4387316405773163,0.08585993922716609
32.2,-1.0153746604919434,-0.06040814518928528,-0.4391207695007324,0.08574618746633647
32.300000000000004,-1.015608310699463,-0.07614941895008087,-0.43949729204177856,0.08526858989544112
32.4,-1.0152318477630615,-0.0922640785574913,-0.43987351655960083,0.08442909415177015
32.5,-1.0142395496368408,-0.1086215004324913,-0.44018328189849854,0.08334049500725157
32.6,-1.0126019716262817,-0.12520731985569,-0.44047167897224426,0.08195918775701498
32.7,-1.0103340148925781,-0.14193588495254517,-0.4407426416873932,0.08033351802280565
32.800000000000004,-1.0074453353881836,-0.15877018868923187,-0.4410402178764343,0.07845539732542602
32.9,-1.0038349628448486,-0.1757918745279312,-0.44153550267219543,0.07611931198749546
33.0,-0.9996135830879211,-0.19277001917362213,-0.44215673208236694,0.07354975874769255
33.1,-0.9949552416801453,-0.20945380628108978,-0.442697137594223,0.0711013213353659
33.2,-0.9898740649223328,-0.2258491814136505,-0.4432518780231476,0.06870013589419409
33.300000000000004,-0.9843757152557373,-0.24188204109668732,-0.44380465149879456,0.06639210881593963
33.4,-0.978547215461731,-0.2574657201766968,-0.4442680776119232,0.06431294132481064
33.5,-0.9724055528640747,-0.2725851833820343,-0.4446397125720978,0.062470257417932995
33.6,-0.965947687625885,-0.2872362732887268,-0.44492319226264954,0.06085568596519619
33.7,-0.9591599702835083,-0.3014336824417114,-0.44515570998191833,0.059423335403659946
33.800000000000004,-0.952028751373291,-0.31516775488853455,-0.4453032314777374,0.05820251670023552
33.9,-0.9445439577102661,-0.32845914363861084,-0.4454716145992279,0.0570891616702782
34.0,-0.9366766810417175,-0.34130674600601196,-0.4458961486816406,0.05585424748188457
34.1,-0.9284231066703796,-0.35364100337028503,-0.44612085819244385,0.05495598319374735
34.2,-0.9198440909385681,-0.3654898405075073,-0.44623616337776184,0.05432664083404561
34.300000000000004,-0.9109229445457458,-0.37681546807289124,-0.4462849795818329,0.05393579492634883
34.4,-0.9016401767730713,-0.38758212327957153,-0.44624027609825134,0.05382239415318495
34.5,-0.8920168280601501,-0.39776623249053955,-0.4461148977279663,0.053985703567033534
34.6,-0.8820615410804749,-0.4073329567909241,-0.4459124207496643,0.05443036242832828
34.7,-0.8718254566192627,-0.41626375913619995,-0.44562530517578125,0.05516187017544027
34.800000000000004,-0.8613696694374084,-0.42455047369003296,-0.44523900747299194,0.05617868181810851
34.9,-0.8507843613624573,-0.4321539103984833,-0.4448159635066986,0.057384534961276046
35.0,-0.8401545286178589,-0.4390670955181122,-0.4443594813346863,0.05872958385641274
35.1,-0.8295941352844238,-0.4453085660934448,-0.44388866424560547,0.06012989625461263
35.2,-0.8191572427749634,-0.4509012997150421,-0.4433675706386566,0.061567181025891836
35.300000000000004,-0.8088700771331787,-0.45586785674095154,-0.44273853302001953,0.06305478065781718
35.4,-0.7988775968551636,-0.4602462649345398,-0.4421144127845764,0.06440394757364598
35.5,-0.7891998887062073,-0.46405524015426636,-0.4414903223514557,0.06559140135489605
35.6,-0.7798296809196472,-0.4673464298248291,-0.44079098105430603,0.06667420029001979
35.7,-0.770818829536438,-0.47017255425453186,-0.44007018208503723,0.06757430369355613
35.800000000000004,-0.7621839046478271,-0.47258031368255615,-0.4393419921398163,0.06827253819393879
35.9,-0.7538831830024719,-0.4746004641056061,-0.43848204612731934,0.06890776023392846
36.0,-0.7459905743598938,-0.47636157274246216,-0.4377608895301819,0.06920653029380865
36.1,-0.7384508848190308,-0.4778660833835602,-0.4370872676372528,0.06929929699509263
36.2,-0.7312251329421997,-0.47918593883514404,-0.4364067018032074,0.06926887687046909
36.300000000000004,-0.7242277264595032,-0.48038962483406067,-0.4358977973461151,0.06899982068873779
36.4,-0.7174180746078491,-0.4814501404762268,-0.4353541135787964,0.06873859987364132
36.5,-0.7106964588165283,-0.48240286111831665,-0.4348410665988922,0.06848048897031374
36.6,-0.7039702534675598,-0.48323822021484375,-0.43437135219573975,0.06826694400563996
36.7,-0.6971592903137207,-0.4839468002319336,-0.4339451193809509,0.06813664922438473
36.800000000000004,-0.6901845932006836,-0.4845055639743805,-0.4335710108280182,0.06810969039099117
36.9,-0.6828218102455139,-0.48489871621131897,-0.4334348440170288,0.06801021612885716
37.0,-0.6751998662948608,-0.48506930470466614,-0.433342307806015,0.06802779010284192
37.1,-0.6670811176300049,-0.4849916994571686,-0.43348681926727295,0.06794349183549576
37.2,-0.6586742401123047,-0.48463311791419983,-0.4336535632610321,0.06797627849358641
37.300000000000004,-0.6499656438827515,-0.4839913249015808,-0.43384188413619995,0.06811901828895686
37.4,-0.6405455470085144,-0.4829530417919159,-0.4343731701374054,0.06795918798447728
37.5,-0.6308895945549011,-0.48160603642463684,-0.4348871111869812,0.06792562848683414
37.6,-0.6210055351257324,-0.4799456298351288,-0.43537792563438416,0.06802885415748136
37.7,-0.6108157634735107,-0.47794267535209656,-0.43589842319488525,0.06819400924741026
37.800000000000004,-0.6004065871238708,-0.47562751173973083,-0.4363847076892853,0.06850837953747282
37.9,-0.5897470712661743,-0.47297143936157227,-0.4368605315685272,0.06893675669968999
38.0,-0.5788567066192627,-0.4699689745903015,-0.4373109042644501,0.0694962178171515
38.1,-0.5677312016487122,-0.4666246175765991,-0.4377301335334778,0.07018642846771198
38.2,-0.556359589099884,-0.46289727091789246,-0.43811750411987305,0.0709887422290638
38.300000000000004,-0.5446605086326599,-0.45872223377227783,-0.4385102391242981,0.0718070526236734
38.400000000000006,-0.5327023863792419,-0.45407769083976746,-0.4388662278652191,0.07268306181722854
38.5,-0.520478367805481,-0.44898679852485657,-0.4391653537750244,0.07361795592521449
38.6,-0.5081728100776672,-0.44349390268325806,-0.4393061399459839,0.07477758152957888
38.7,-0.4955224394798279,-0.43744421005249023,-0.4394102692604065,0.07586657210396795
38.800000000000004,-0.4825338125228882,-0.4306928813457489,-0.4394993782043457,0.0767879846940407
38.900000000000006,-0.4691964387893677,-0.4232533872127533,-0.43956995010375977,0.07751625577796377
39.0,-0.4555862843990326,-0.41512277722358704,-0.43959540128707886,0.07808248511799341
39.1,-0.441733717918396,-0.4063606560230255,-0.4395059049129486,0.07856116260682318
39.2,-0.42761436104774475,-0.39684823155403137,-0.43939208984375,0.07880275510452682
39.300000000000004,-0.41325899958610535,-0.3865852355957031,-0.4392854571342468,0.07878439160071209
39.400000000000006,-0.3986932933330536,-0.3755888044834137,-0.43918973207473755,0.07851463739849601
39.5,-0.3838788866996765,-0.36381223797798157,-0.43914827704429626,0.07791882985492388
39.6,-0.36893099546432495,-0.3513375222682953,-0.4390864074230194,0.07714410310169284
39.7,-0.353871613740921,-0.3382023870944977,-0.4390195906162262,0.07621031254275551
39.800000000000004,-0.338711678981781,-0.32444843649864197,-0.43898919224739075,0.07511616221209083
39.900000000000006,-0.32370999455451965,-0.3102339804172516,-0.4387778639793396,0.07422045445591162
40.0,-0.30861344933509827,-0.2954575717449188,-0.43859222531318665,0.07322366086397224
40.1,-0.2935306131839752,-0.28013724088668823,-0.43839243054389954,0.07222895889564156
40.2,-0.278450608253479,-0.26434844732284546,-0.43819525837898254,0.07126633829361266
40.300000000000004,-0.263967365026474,-0.24859759211540222,-0.43741559982299805,0.07124320727842365
40.400000000000006,-0.2494172602891922,-0.23252758383750916,-0.4367222487926483,0.07120957876742441
40.5,-0.23478014767169952,-0.21622973680496216,-0.43618375062942505,0.07112021683719913
40.6,-0.2201492041349411,-0.1998734474182129,-0.4357524812221527,0.07107897816301144
40.7,-0.2055932581424713,-0.18355725705623627,-0.43535909056663513,0.07117092946348992
40.800000000000004,-0.19106945395469666,-0.16738004982471466,-0.4349810481071472,0.07138574607487051
40.900000000000006,-0.1766369789838791,-0.15136776864528656,-0.4346703588962555,0.07167370229130023
41.0,-0.1622772514820099,-0.1355801671743393,-0.4344506561756134,0.07198484114203513
41.1,-0.147989884018898,-0.1200677901506424,-0.43432214856147766,0.07229963653914769
41.2,-0.13378581404685974,-0.10488107055425644,-0.43427008390426636,0.07262186456359548
41.300000000000004,-0.11965661495923996,-0.09004825353622437,-0.4342799186706543,0.07295311162147959
41.400000000000006,-0.10559315979480743,-0.07561682909727097,-0.43435177206993103,0.073290151286031
41.5,-0.09160860627889633,-0.06157376617193222,-0.43445295095443726,0.07367575033764849
41.6,-0.07754605263471603,-0.047875285148620605,-0.4346288740634918,0.07400992984515845
41.7,-0.06350471079349518,-0.03449501097202301,-0.4348894953727722,0.07434448616847947
41.800000000000004,-0.04946860671043396,-0.021506041288375854,-0.4351900517940521,0.07474018319648032
41.900000000000006,-0.035379573702812195,-0.008787387982010841,-0.43553832173347473,0.07517396747485909
42.0,-0.021234745159745216,0.003722238354384899,-0.435907781124115,0.07567589671951035
42.1,-0.007015371695160866,0.016093488782644272,-0.4362652003765106,0.07626246579094896
42.2,0.007322915364056826,0.028425538912415504,-0.43660876154899597,0.07689181068223022
42.300000000000004,0.021669751033186913,0.04068540036678314,-0.4368385970592499,0.07770227287206855
42.400000000000006,0.03624055162072182,0.053040750324726105,-0.43706265091896057,0.07843589419933887
42.5,0.050847284495830536,0.06548868119716644,-0.4371679723262787,0.07925809539236935
42.6,0.06568823009729385,0.0781329944729805,-0.43718427419662476,0.07998339194985761
42.7,0.08072936534881592,0.09112672507762909,-0.43718820810317993,0.08048684254813254
42.800000000000004,0.0959615632891655,0.10447958111763,-0.43721386790275574,0.08071475327604272
42.900000000000006,0.1113814190030098,0.11817802488803864,-0.4372612535953522,0.08065263986535891
43.0,0.1270112842321396,0.1322397142648697,-0.4373568594455719,0.08024749800603573
43.1,0.1427740454673767,0.14659060537815094,-0.4374573230743408,0.07959173164772758
43.2,0.1586378961801529,0.1611369103193283,-0.43754521012306213,0.07874844456411102
43.300000000000004,0.1745845526456833,0.17584620416164398,-0.4376682639122009,0.07770219453837625
43.400000000000006,0.1905437409877777,0.19061556458473206,-0.43779948353767395,0.07654916421716475
43.5,0.20648327469825745,0.20532609522342682,-0.43793749809265137,0.07535143047280216
43.6,0.2223661094903946,0.21991413831710815,-0.4380812644958496,0.07414917879546949
43.7,0.23815028369426727,0.23429395258426666,-0.4382273852825165,0.07299065670103244
43.800000000000004,0.2538256049156189,0.24840378761291504,-0.4383992850780487,0.07187519237344715
43.900000000000006,0.2693155109882355,0.26216647028923035,-0.43855640292167664,0.07088433587728872
44.0,0.28464755415916443,0.27551767230033875,-0.4387145936489105,0.07000150615967043
44.1,0.299794465303421,0.28847166895866394,-0.43888044357299805,0.06921514572940578
44.2,0.31480714678764343,0.30106499791145325,-0.43912091851234436,0.06842593403256898
44.300000000000004,0.32982349395751953,0.3133487105369568,-0.43960803747177124,0.06740796558181403
44.400000000000006,0.3448764681816101,0.32537394762039185,-0.44035032391548157,0.06612278338626829
44.5,0.35973629355430603,0.33697882294654846,-0.4410257339477539,0.06497735847261493
44.6,0.3744298219680786,0.3482610583305359,-0.4416545033454895,0.06391385117911479
44.7,0.38899895548820496,0.3592586815357208,-0.4422374367713928,0.0629053312426079
44.800000000000004,0.4035162031650543,0.3700293302536011,-0.4428365230560303,0.0618579596664361
44.900000000000006,0.41797199845314026,0.3805396258831024,-0.44340020418167114,0.06083207516186382
45.0,0.4323463439941406,0.39083489775657654,-0.4438733160495758,0.059880535379686205
45.1,0.44665154814720154,0.40093326568603516,-0.44425520300865173,0.05900587890591256
45.2,0.4608972668647766,0.41084444522857666,-0.44455328583717346,0.0582099294692673
45.300000000000004,0.47508934140205383,0.4205733835697174,-0.444774866104126,0.05750098512459051
45.400000000000006,0.4892805814743042,0.43013080954551697,-0.44508248567581177,0.056730175765826375
45.5,0.5034065842628479,0.4394732415676117,-0.44526275992393494,0.05614844705614213
45.6,0.5174658298492432,0.4486120939254761,-0.4454479217529297,0.0556538167599079
45.7,0.5314494967460632,0.4574890732765198,-0.44546306133270264,0.05544723214272384
45.800000000000004,0.5453276634216309,0.4660862684249878,-0.4453873634338379,0.05547870930395684
45.900000000000006,0.5591011643409729,0.4743107259273529,-0.44525769352912903,0.05571870481282161
46.0,0.5727468729019165,0.4820994734764099,-0.44507208466529846,0.056165656709777585
46.1,0.586234450340271,0.4893861711025238,-0.4448314607143402,0.056800326255572235
46.2,0.5995273590087891,0.49608805775642395,-0.4445672035217285,0.05755591936712825
46.300000000000004,0.6125984191894531,0.5021544098854065,-0.444253146648407,0.05841686244893419
46.400000000000006,0.6254114508628845,0.5075451731681824,-0.44390857219696045,0.059322317728506095
46.5,0.6379473209381104,0.5122084021568298,-0.44354134798049927,0.06021705528104303
46.6,0.6501806974411011,0.516211211681366,-0.4430221617221832,0.061218058890092054
46.7,0.6620584726333618,0.5194780826568604,-0.4426002502441406,0.062043754152064784
46.800000000000004,0.6735963821411133,0.521947979927063,-0.4421538710594177,0.06276741837462405
46.900000000000006,0.6847650408744812,0.5236534476280212,-0.44172152876853943,0.06335385144308867
47.0,0.6955480575561523,0.5245957374572754,-0.44128140807151794,0.06381872186722022
47.1,0.705901026725769,0.5248849391937256,-0.4407227039337158,0.06430764592574971
47.2,0.7158322334289551,0.5244541764259338,-0.44014132022857666,0.06471435836075176
47.300000000000004,0.7253264784812927,0.5233216881752014,-0.43953800201416016,0.06505864438662559
47.400000000000006,0.7343695163726807,0.5215155482292175,-0.43891677260398865,0.06536644731126778
47.5,0.7429488301277161,0.5190642476081848,-0.43828579783439636,0.06566475297607928
47.6,0.7510547041893005,0.5159983038902283,-0.43765607476234436,0.06598254307222676
47.7,0.7586098313331604,0.512398362159729,-0.4368993937969208,0.06650608018260765
47.800000000000004,0.7657814621925354,0.5082924365997314,-0.4361811876296997,0.06710299698937638
47.900000000000006,0.7728648781776428,0.5036295652389526,-0.43577516078948975,0.06747049046879426
48.0,0.7799774408340454,0.4984447658061981,-0.4357145130634308,0.0675566957753637
48.1,0.7871353626251221,0.49281179904937744,-0.4359342157840729,0.06742041802714593
48.2,0.794097900390625,0.4868212938308716,-0.4361365735530853,0.06740520093492058
48.300000000000004,0.8007544279098511,0.480605810880661,-0.43611350655555725,0.06775648516969487
48.400000000000006,0.8072942495346069,0.47414064407348633,-0.43597492575645447,0.06830116693553097
48.5,0.8138474225997925,0.4673672914505005,-0.43583789467811584,0.06885940853366962
48.6,0.8204554915428162,0.46030300855636597,-0.435702919960022,0.06939679527373625
48.7,0.8271495699882507,0.4529455006122589,-0.4355781674385071,0.06987308156999772
48.800000000000004,0.8339568972587585,0.44529736042022705,-0.4354676902294159,0.07025629241869315
48.900000000000006,0.8410871624946594,0.4372624158859253,-0.4355863630771637,0.07024425361738228
49.0,0.8483260273933411,0.4289356470108032,-0.4356994330883026,0.07013434734173785
49.1,0.8557154536247253,0.42031872272491455,-0.43583953380584717,0.06987531134834522
49.2,0.8632296919822693,0.4114142954349518,-0.4359857141971588,0.06949580708295747
49.300000000000004,0.8708754777908325,0.40222591161727905,-0.436136394739151,0.06899868613334519
49.400000000000006,0.8783013224601746,0.39301836490631104,-0.43570664525032043,0.06908197597987281
49.5,0.885870099067688,0.3836056590080261,-0.435182124376297,0.06916033273111995
49.6,0.8935626149177551,0.3738398253917694,-0.4347236752510071,0.06909664256940043
49.7,0.9013583064079285,0.36371004581451416,-0.4343903958797455,0.06885894652032948
49.800000000000004,0.9091375470161438,0.3532685935497284,-0.43407943844795227,0.06860221066387392
49.900000000000006,0.9169331789016724,0.34249475598335266,-0.43396976590156555,0.0681592521302622
50.0,0.9245756268501282,0.3314240276813507,-0.4339284300804138,0.06771340542344485
50.1,0.9319197535514832,0.3204267621040344,-0.4332982003688812,0.0679745476023999
50.2,0.9390878677368164,0.3090679347515106,-0.43302395939826965,0.06795487556664909
50.300000000000004,0.9458974599838257,0.2974836528301239,-0.43285152316093445,0.0679352635378912
50.400000000000006,0.952346682548523,0.28573283553123474,-0.4327751398086548,0.06791390989525159
50.5,0.9583614468574524,0.2742426097393036,-0.43212494254112244,0.06860297680101239
50.6,0.9639936685562134,0.26260876655578613,-0.4316028952598572,0.06924574353206647
50.7,0.9691619873046875,0.2509206533432007,-0.4310683310031891,0.0699859654216136
50.800000000000004,0.9738602638244629,0.2396193891763687,-0.4299654960632324,0.07144536308632153
50.900000000000006,0.9781568050384521,0.22803442180156708,-0.4291419982910156,0.07266757502176843
51.0,0.9820153713226318,0.21625632047653198,-0.42850273847579956,0.07375173121933111
51.1,0.985439658164978,0.20428286492824554,-0.42802825570106506,0.07470780296084793
51.2,0.9884511232376099,0.19212386012077332,-0.4277040362358093,0.07554623660693364
51.300000000000004,0.9910572171211243,0.17979173362255096,-0.4274962842464447,0.07629771397230621
51.400000000000006,0.9932674169540405,0.1674467772245407,-0.42726343870162964,0.07714411516020817
51.5,0.9951550364494324,0.15492074191570282,-0.4271466135978699,0.07790016058426694
51.6,0.9966521859169006,0.14225146174430847,-0.4270942211151123,0.07861897819384893
51.7,0.9977672100067139,0.1293015331029892,-0.42721277475357056,0.07914484004000782
51.800000000000004,0.9985873103141785,0.1162579134106636,-0.4273623526096344,0.07967468330643827
51.900000000000006,0.9991240501403809,0.10303901880979538,-0.4276064932346344,0.08011193144336486
52.0,0.9993298053741455,0.08970361202955246,-0.4278965890407562,0.08051756937319761
52.1,0.9992067217826843,0.07623147964477539,-0.42824679613113403,0.08086418901632147
52.2,0.9988042712211609,0.06265902519226074,-0.4286547899246216,0.0811641279001583
52.300000000000004,0.9980833530426025,0.04901176691055298,-0.42914268374443054,0.08140472977077476
52.400000000000006,0.9970900416374207,0.035485390573740005,-0.42955484986305237,0.08181339567424653
52.5,0.9958013296127319,0.02181156910955906,-0.43007147312164307,0.08209564471909912
52.6,0.9942747354507446,0.00811356958001852,-0.43063464760780334,0.08235414127251642
52.7,0.9924582839012146,-0.005542358383536339,-0.43122076988220215,0.08264111840696035
52.800000000000004,0.9903449416160583,-0.019094916060566902,-0.43179258704185486,0.083018141222681
52.900000000000006,0.9879406690597534,-0.03242392838001251,-0.4323195815086365,0.08357538746361727
53.0,0.9852152466773987,-0.04557224363088608,-0.43283718824386597,0.0842625118835613
53.1,0.98222416639328,-0.05854490399360657,-0.43337684869766235,0.085043839100036
53.2,0.9789626598358154,-0.0713590458035469,-0.43396198749542236,0.08588858830331643
53.300000000000004,0.9754328727722168,-0.08396048843860626,-0.43456125259399414,0.08685128303933017
53.400000000000006,0.9716247320175171,-0.09623610228300095,-0.43514540791511536,0.08802567984477665
53.5,0.9675407409667969,-0.1081702709197998,-0.43570148944854736,0.08943073856853916
53.6,0.963200569152832,-0.11987359821796417,-0.436288058757782,0.09094426480124615
53.7,0.9586202502250671,-0.13119180500507355,-0.4368242919445038,0.09271944554950183
53.800000000000004,0.9537889957427979,-0.14219246804714203,-0.43735823035240173,0.094673949704402
53.900000000000006,0.9487263560295105,-0.15271900594234467,-0.4378166198730469,0.09695694005975351
54.0,0.943409264087677,-0.16281811892986298,-0.4382311999797821,0.09951441104698643
54.1,0.937907874584198,-0.17254982888698578,-0.43860840797424316,0.10227146325752323
54.2,0.9322199821472168,-0.1819174736738205,-0.43896540999412537,0.10520460257022043
54.300000000000004,0.926395833492279,-0.19098921120166779,-0.439270555973053,0.10825302843206766
54.400000000000006,0.9204702973365784,-0.19997887313365936,-0.4395805299282074,0.11119138361408863
54.5,0.9144881963729858,-0.20892809331417084,-0.4399024248123169,0.1139499048917765
54.6,0.9084429144859314,-0.2177460491657257,-0.4401495158672333,0.11662891390117458
54.7,0.902383029460907,-0.2265576720237732,-0.44034916162490845,0.11908007388025663
54.800000000000004,0.8963272571563721,-0.23543818295001984,-0.4404912292957306,0.12122292690407951
54.900000000000006,0.8903071284294128,-0.2444685995578766,-0.4405990540981293,0.12295260303081253
55.0,0.8843196034431458,-0.2536703646183014,-0.4406873881816864,0.12423001649350147
55.1,0.8783690333366394,-0.26274374127388,-0.44060057401657104,0.12536229941430455
55.2,0.8724825978279114,-0.2727423906326294,-0.4407458007335663,0.12526756611602982
55.300000000000004,0.866631269454956,-0.2829279601573944,-0.4408671259880066,0.12467716455199172
55.400000000000006,0.8608468174934387,-0.29331108927726746,-0.4409501850605011,0.1235744367280029
55.5,0.8550967574119568,-0.3038799464702606,-0.44100290536880493,0.12197292153963125
55.6,0.8493654727935791,-0.3145865797996521,-0.44101381301879883,0.11992279607948089
55.7,0.8435971140861511,-0.325231671333313,-0.4408840537071228,0.11765602546217055
55.800000000000004,0.837835431098938,-0.3358566164970398,-0.44061678647994995,0.11513222625295223
55.900000000000006,0.8319946527481079,-0.3466176390647888,-0.44038182497024536,0.11217181508255418
56.0,0.8261080980300903,-0.35757336020469666,-0.4402446448802948,0.1086950772659285
56.1,0.8200666308403015,-0.3685230314731598,-0.4401026964187622,0.10496106863925493
56.2,0.813874363899231,-0.37941840291023254,-0.43989554047584534,0.10106055227809162
56.300000000000004,0.8075149059295654,-0.39022916555404663,-0.43965691328048706,0.09702772313099409
56.400000000000006,0.8009608387947083,-0.4009014070034027,-0.4393877387046814,0.09293994362546844
56.5,0.7941959500312805,-0.4113791882991791,-0.4390821158885956,0.08888159153265096
56.6,0.7872064113616943,-0.42160242795944214,-0.4387357831001282,0.08494209288206182
56.7,0.7799947261810303,-0.43153584003448486,-0.43844085931777954,0.08112122440462434
56.800000000000004,0.7725510001182556,-0.44111505150794983,-0.4382883906364441,0.07742871328688346
56.900000000000006,0.7648677229881287,-0.45025017857551575,-0.4380856454372406,0.07410594759406963
57.0,0.7569632530212402,-0.45889461040496826,-0.43782082200050354,0.07122724133787596
57.1,0.748845100402832,-0.4669937789440155,-0.4373869001865387,0.06895028666410644
57.2,0.740533709526062,-0.47451257705688477,-0.4369422197341919,0.06717079491275682
57.300000000000004,0.7319929003715515,-0.4813586175441742,-0.43661463260650635,0.06579669663276141
57.400000000000006,0.7232988476753235,-0.4875507950782776,-0.4361855685710907,0.06499841864094134
57.5,0.7144446969032288,-0.49305158853530884,-0.4357580542564392,0.06465351254393942
57.6,0.7052977085113525,-0.49772098660469055,-0.43568024039268494,0.06437469678407187
57.7,0.6960059404373169,-0.5016183853149414,-0.4356215000152588,0.0644054387324657
57.800000000000004,0.686610221862793,-0.5047829151153564,-0.4355551302433014,0.06471523968248773
57.900000000000006,0.6770996451377869,-0.5071799159049988,-0.43550217151641846,0.06522703712219172
58.0,0.6674858927726746,-0.508814811706543,-0.43546468019485474,0.06588691829463059
58.1,0.6576104760169983,-0.509576678276062,-0.43565627932548523,0.06640079446768891
58.2,0.6476827263832092,-0.5095759034156799,-0.43585824966430664,0.06697420926370165
58.300000000000004,0.6377562880516052,-0.5088611841201782,-0.4360197186470032,0.0676458266141662
58.400000000000006,0.627800464630127,-0.5074118375778198,-0.43618205189704895,0.068345384704334
58.5,0.6178286075592041,-0.5052357912063599,-0.43635109066963196,0.06905446234096332
58.6,0.6077877283096313,-0.5023031234741211,-0.43659043312072754,0.06968103508111814
58.7,0.5978165864944458,-0.498699426651001,-0.4368240237236023,0.07034679704452862
58.800000000000004,0.5878548622131348,-0.4943835735321045,-0.43710586428642273,0.07097640663112821
58.900000000000006,0.5780149698257446,-0.48943620920181274,-0.437368780374527,0.07169657106979924
59.0,0.5682911276817322,-0.4838704764842987,-0.43762683868408203,0.07251405550808446
59.1,0.558685839176178,-0.4777109622955322,-0.4378833472728729,0.07345455572789843
59.2,0.549355149269104,-0.4710606038570404,-0.4380592107772827,0.07470718707651808
59.300000000000004,0.5401646494865417,-0.46393120288848877,-0.4382074773311615,0.07620527600838453
59.400000000000006,0.5314636826515198,-0.4564519226551056,-0.4381786584854126,0.0783055707766328
59.5,0.522855818271637,-0.44851988554000854,-0.43813320994377136,0.08068028917159653
59.6,0.5146437287330627,-0.4402461051940918,-0.4379553496837616,0.0836337862843277
59.7,0.5064612627029419,-0.4315447211265564,-0.4377569258213043,0.086855941815879
59.800000000000004,0.4982605576515198,-0.42237138748168945,-0.43760719895362854,0.09024398541881089
59.900000000000006,0.4901396632194519,-0.41279882192611694,-0.43746525049209595,0.09390554079637285
60.0,0.4817539155483246,-0.4027094542980194,-0.4374523162841797,0.09747824036386597
60.1,0.47297146916389465,-0.3920680582523346,-0.4376024901866913,0.10081443544435233
60.2,0.4643188416957855,-0.381217896938324,-0.43775394558906555,0.10447708755285394
60.300000000000004,0.45620349049568176,-0.3703092336654663,-0.43774840235710144,0.10890437690673752
60.400000000000006,0.4476722776889801,-0.3590167760848999,-0.43782854080200195,0.113121880664605
60.5,0.4391326904296875,-0.3474787771701813,-0.43790489435195923,0.11751351305017774
60.6,0.4302368760108948,-0.3356110155582428,-0.4380221366882324,0.12173430588787658
60.7,0.4201814532279968,-0.323110967874527,-0.43833181262016296,0.12494679360523793
60.800000000000004,0.4100198447704315,-0.31043919920921326,-0.438579797744751,0.1282339378681306
60.900000000000006,0.39955323934555054,-0.2976225018501282,-0.43880924582481384,0.13139311355576072
61.0,0.38866400718688965,-0.28466516733169556,-0.4390367865562439,0.13429737462039318
61.1,0.37716764211654663,-0.2715017795562744,-0.43929100036621094,0.1367437145094414
61.2,0.3651498556137085,-0.25818103551864624,-0.43949368596076965,0.1388344353677505
61.300000000000004,0.35268446803092957,-0.24476930499076843,-0.4396117031574249,0.14064591206177687
61.400000000000006,0.33951902389526367,-0.23122066259384155,-0.4396155774593353,0.1419462772087114
61.5,0.3259115219116211,-0.21758030354976654,-0.4395512342453003,0.1429424446691942
61.6,0.3107766807079315,-0.2033674716949463,-0.43973180651664734,0.14244956373269546
61.7,0.2951106131076813,-0.18896296620368958,-0.4398972988128662,0.1415220008349287
61.800000000000004,0.27880918979644775,-0.17447248101234436,-0.44004225730895996,0.14008211935131173
61.900000000000006,0.2618787884712219,-0.15989112854003906,-0.4401535987854004,0.1381384585310104
62.0,0.24434161186218262,-0.14522109925746918,-0.4402569532394409,0.13570021367095217
62.1,0.22611220180988312,-0.13040465116500854,-0.44037601351737976,0.13267451124061788
62.2,0.20725131034851074,-0.11544765532016754,-0.4405131936073303,0.12911947232906543
62.300000000000004,0.18770328164100647,-0.10031621158123016,-0.44077181816101074,0.12493974857725576
62.400000000000006,0.16781136393547058,-0.08519463241100311,-0.44099101424217224,0.12054685725099284
62.5,0.14764229953289032,-0.07014205306768417,-0.4411451518535614,0.11603187417072776
62.6,0.1272476464509964,-0.055131442844867706,-0.4412596523761749,0.11143506634952735
62.7,0.10644208639860153,-0.040060967206954956,-0.4414615035057068,0.10653290251781013
62.800000000000004,0.08559476584196091,-0.025024252012372017,-0.4415949285030365,0.10174687489389506
62.900000000000006,0.06468386948108673,-0.010117133148014545,-0.44167593121528625,0.09708871437544406
63.0,0.04371829703450203,0.004647631198167801,-0.4417198598384857,0.09258424425386602
63.1,0.022747935727238655,0.01931781694293022,-0.4417276382446289,0.08828757298077405
63.2,0.001796671305783093,0.03387754410505295,-0.44169050455093384,0.08425403109299585
63.300000000000004,-0.019078025594353676,0.048311520367860794,-0.4415961802005768,0.08056572300888531
63.400000000000006,-0.039915621280670166,0.06261217594146729,-0.4414861500263214,0.07720072733319794
63.5,-0.06067020818591118,0.07682229578495026,-0.44135335087776184,0.07421045271904593
63.6,-0.08134908229112625,0.09091426432132721,-0.4411850869655609,0.07163680229128572
63.7,-0.10192733258008957,0.10491455346345901,-0.4410296380519867,0.06946782442694434
63.800000000000004,-0.12238835543394089,0.1187971979379654,-0.44088706374168396,0.06773214790044849
63.900000000000006,-0.14271245896816254,0.1325482875108719,-0.44075140357017517,0.06645122421758201
64.0,-0.16288061439990997,0.14614790678024292,-0.44063282012939453,0.06562175181442197
64.10000000000001,-0.18285322189331055,0.15955325961112976,-0.4404713809490204,0.06530151631456933
64.2,-0.20261335372924805,0.17276200652122498,-0.44033271074295044,0.06539816741791658
64.3,-0.22208942472934723,0.18579615652561188,-0.4402095079421997,0.06585996901990437
64.4,-0.24124546349048615,0.19862182438373566,-0.4401060938835144,0.06662866071683961
64.5,-0.2600272595882416,0.21122275292873383,-0.43999749422073364,0.0676541501069209
64.60000000000001,-0.2783828675746918,0.2235792726278305,-0.4399137794971466,0.06883198389013923
64.7,-0.29624566435813904,0.23569266498088837,-0.4398323595523834,0.07009018822964616
64.8,-0.3135586977005005,0.24754558503627777,-0.43978428840637207,0.07132192515698149
64.9,-0.33028122782707214,0.2591311037540436,-0.43972277641296387,0.07249404543613126
65.0,-0.3463590145111084,0.2704681158065796,-0.43972498178482056,0.07346333316922103
65.10000000000001,-0.3618265688419342,0.28149744868278503,-0.43962228298187256,0.07436740342444564
65.2,-0.37654513120651245,0.2923904061317444,-0.43980342149734497,0.07473510374285693
65.3,-0.39060500264167786,0.30303463339805603,-0.43997713923454285,0.07487213209658433
65.4,-0.4040006101131439,0.3134644031524658,-0.4401860237121582,0.07472217704500794
65.5,-0.4167569875717163,0.32367923855781555,-0.4404270350933075,0.07430320429628272
65.60000000000001,-0.4288961887359619,0.33368638157844543,-0.4406827390193939,0.07364894201240495
65.7,-0.44044503569602966,0.3435538709163666,-0.441047728061676,0.07268259383832036
65.8,-0.4514608681201935,0.3532242476940155,-0.4414174258708954,0.07156439836695866
65.9,-0.4619540870189667,0.36268243193626404,-0.4417489171028137,0.07037785744316928
66.0,-0.4719526469707489,0.37194332480430603,-0.44203925132751465,0.06917261429721222
66.10000000000001,-0.4814969003200531,0.38101521134376526,-0.4422847330570221,0.06801044998952198
66.2,-0.49062320590019226,0.3899083137512207,-0.4424809217453003,0.06695500790050771
66.3,-0.49937984347343445,0.3986349403858185,-0.4426295757293701,0.0660654201245363
66.4,-0.5078051686286926,0.4071929156780243,-0.44271159172058105,0.06542206470165718
66.5,-0.5159922242164612,0.41561785340309143,-0.44277042150497437,0.06502165374564033
66.60000000000001,-0.5239771008491516,0.4238874912261963,-0.44277676939964294,0.06493829927527835
66.7,-0.5319211483001709,0.4320610463619232,-0.4428267478942871,0.06505839746886623
66.8,-0.5398047566413879,0.4400634169578552,-0.4428560435771942,0.0654793572134645
66.9,-0.5476657152175903,0.4479084312915802,-0.4428427815437317,0.06620370880245889
67.0,-0.5556026101112366,0.45558246970176697,-0.4428079426288605,0.06716958506353801
67.10000000000001,-0.5636284351348877,0.4630476236343384,-0.4427250027656555,0.06838071615369559
67.2,-0.5718349814414978,0.47027575969696045,-0.44260525703430176,0.06975793479169798
67.3,-0.5802344679832458,0.4772298336029053,-0.4424222707748413,0.07128498721440371
67.4,-0.5889065265655518,0.48386794328689575,-0.44218307733535767,0.0728763490252484
67.5,-0.5977759957313538,0.49014949798583984,-0.44181933999061584,0.07459523616106407
67.60000000000001,-0.6070713996887207,0.49601462483406067,-0.4414324164390564,0.07618431482911878
67.7,-0.6167733073234558,0.5014344453811646,-0.44099295139312744,0.07764090205306623
67.8,-0.6269239187240601,0.5063597559928894,-0.44051024317741394,0.07889978528637143
67.9,-0.6376007199287415,0.5106903314590454,-0.440031498670578,0.07984244000317492
68.0,-0.6487963199615479,0.5143635869026184,-0.4395737648010254,0.08043399522817493
68.10000000000001,-0.660439133644104,0.5173177719116211,-0.4391104280948639,0.08071738906405371
68.2,-0.6725485920906067,0.5194916725158691,-0.43869638442993164,0.08061991252351684
68.3,-0.6850802302360535,0.520810067653656,-0.43835026025772095,0.08013543522453309
68.4,-0.6980802416801453,0.52117919921875,-0.4382115602493286,0.079108367087426
68.5,-0.7112258076667786,0.5206337571144104,-0.43803516030311584,0.07792496941873105
68.60000000000001,-0.7244327664375305,0.5191767811775208,-0.4378121793270111,0.07664258273139597
68.7,-0.7377315163612366,0.516719400882721,-0.4376968443393707,0.075101249642028
68.8,-0.7509316205978394,0.5132907032966614,-0.437548965215683,0.07352362276766292
68.9,-0.76386958360672,0.5089943408966064,-0.43719929456710815,0.0721666647956069
69.0,-0.7765803337097168,0.5037850141525269,-0.4368586838245392,0.07083188132494965
69.10000000000001,-0.7889657020568848,0.49763503670692444,-0.4365329444408417,0.06955007894820862
69.2,-0.8009567856788635,0.49062806367874146,-0.4361918866634369,0.06840760302321033
69.3,-0.812503457069397,0.48278647661209106,-0.4359942674636841,0.06728583028204714
69.4,-0.8235417604446411,0.4742031991481781,-0.43600085377693176,0.06616680735472565
69.5,-0.8340142965316772,0.4650008976459503,-0.4362412393093109,0.06505132797229729
69.60000000000001,-0.8438611030578613,0.45530539751052856,-0.43645602464675903,0.06420747123357932
69.7,-0.8530730605125427,0.4452510476112366,-0.4365409314632416,0.06373307561590692
69.8,-0.8616725206375122,0.43499988317489624,-0.43680810928344727,0.06328928337492155
69.9,-0.8696284890174866,0.42460593581199646,-0.43706172704696655,0.06302636853163504
70.0,-0.8770050406455994,0.41418832540512085,-0.4372856616973877,0.06290837471010709
70.10000000000001,-0.8838140964508057,0.40380245447158813,-0.4374285340309143,0.06293784630987408
70.2,-0.8901230692863464,0.3935258090496063,-0.43755972385406494,0.06299842802539149
70.3,-0.895836591720581,0.38335758447647095,-0.437110960483551,0.0636324318497312
70.4,-0.9011663794517517,0.3734072744846344,-0.4365047812461853,0.06437994756572725
70.5,-0.9061600565910339,0.3636537194252014,-0.4359584152698517,0.06502353964398787
70.60000000000001,-0.9108952879905701,0.35409995913505554,-0.4355258643627167,0.0655120459801717
70.7,-0.9154176712036133,0.34475117921829224,-0.43516847491264343,0.06589653395294125
70.8,-0.9198081493377686,0.33561086654663086,-0.43488383293151855,0.0661952691497566
70.9,-0.9241138696670532,0.3266395330429077,-0.4346950650215149,0.06641523139973277
71.0,-0.9283754825592041,0.317828506231308,-0.4345472455024719,0.0666425707950583
71.10000000000001,-0.9323212504386902,0.3096158802509308,-0.43382394313812256,0.06759617712896018
71.2,-0.9364103078842163,0.30138513445854187,-0.43327784538269043,0.06851292991734892
71.3,-0.9405680894851685,0.293150931596756,-0.43281686305999756,0.06952651015994034
71.4,-0.9448425769805908,0.28488630056381226,-0.43241187930107117,0.0706807922741808
71.5,-0.949195146560669,0.27648210525512695,-0.43209555745124817,0.07195172172404818
71.60000000000001,-0.9536224007606506,0.26787227392196655,-0.4318510890007019,0.07334472777301326
71.7,-0.9581449031829834,0.2590175271034241,-0.43165308237075806,0.0748636323978534
71.8,-0.9626864790916443,0.24978896975517273,-0.4315326511859894,0.07643191499157634
71.9,-0.9672468304634094,0.2400360256433487,-0.4315621554851532,0.07789141034645111
72.0,-0.9717721343040466,0.22984488308429718,-0.43164655566215515,0.07933696459121108
72.10000000000001,-0.9760699272155762,0.22028103470802307,-0.4311491847038269,0.08185846250986652
72.2,-0.9803242683410645,0.21001103520393372,-0.43075254559516907,0.08415675316896482
72.3,-0.9844663739204407,0.1990417242050171,-0.4304380714893341,0.08620037684023792
72.4,-0.9884492754936218,0.18736490607261658,-0.43021899461746216,0.08792883683377438
72.5,-0.9922181963920593,0.17494317889213562,-0.4301876425743103,0.08920804547004782
72.60000000000001,-0.9957533478736877,0.1617010086774826,-0.43032270669937134,0.08997420110008282
72.7,-0.9990202784538269,0.14782780408859253,-0.43053364753723145,0.0903888466587065
72.8,-1.0019780397415161,0.133371964097023,-0.4308139383792877,0.09046514903376686
72.9,-1.0045973062515259,0.1183982565999031,-0.43114566802978516,0.09023878517892102
73.0,-1.0068519115447998,0.10295877605676651,-0.43149158358573914,0.08975456570835691
73.10000000000001,-1.0086629390716553,0.08693224936723709,-0.431869775056839,0.0889013910304485
73.2,-1.010095477104187,0.07042903453111649,-0.43231067061424255,0.08772426647122424
73.3,-1.0110499858856201,0.0535421296954155,-0.43278205394744873,0.0862899207172119
73.4,-1.011518120765686,0.036224305629730225,-0.43334320187568665,0.08451878588849682
73.5,-1.0114907026290894,0.018630191683769226,-0.43388476967811584,0.08259015705478884
73.60000000000001,-1.0109431743621826,0.0007883866783231497,-0.43444180488586426,0.0804936785317685
73.7,-1.0098639726638794,-0.017231199890375137,-0.43500614166259766,0.07828178179353466
73.8,-1.0082499980926514,-0.035387858748435974,-0.4355716109275818,0.07599352258689193
73.9,-1.0060912370681763,-0.05362134054303169,-0.43613484501838684,0.07367904001720872
74.0,-1.0033936500549316,-0.07186902314424515,-0.43666842579841614,0.07141597138935071
74.10000000000001,-1.0001460313796997,-0.09008748084306717,-0.4371850788593292,0.0692396145449248
74.2,-0.9963687658309937,-0.1082276999950409,-0.43769198656082153,0.0671992488576876
74.3,-0.992066502571106,-0.12623997032642365,-0.4382052421569824,0.06533524491442694
74.4,-0.9872519373893738,-0.144061878323555,-0.4386920630931854,0.06373801761323224
74.5,-0.9819424748420715,-0.16163690388202667,-0.43918871879577637,0.06242581399010884
74.60000000000001,-0.9761856198310852,-0.1789051741361618,-0.4396549165248871,0.061480476506649236
74.7,-0.9701180458068848,-0.19577400386333466,-0.4403592348098755,0.06065495089267615
74.8,-0.9636501669883728,-0.21219874918460846,-0.4410041272640228,0.06025189513863948
74.9,-0.9569157361984253,-0.22816349565982819,-0.44154033064842224,0.060285972845906234
75.0,-0.95017009973526,-0.24348406493663788,-0.44233977794647217,0.06029765578910918
75.10000000000001,-0.943449854850769,-0.25814056396484375,-0.4433252215385437,0.06027991346081899
75.2,-0.936671257019043,-0.27222245931625366,-0.4441857933998108,0.06049446011918838
75.3,-0.9299526214599609,-0.2856830358505249,-0.44499334692955017,0.06077354666394242
75.4,-0.9232873320579529,-0.298527330160141,-0.44568687677383423,0.06112286163146355
75.5,-0.9168757200241089,-0.3106915354728699,-0.44644778966903687,0.061240938979819574
75.60000000000001,-0.9105539321899414,-0.32224246859550476,-0.4470667243003845,0.06135869058772682
75.7,-0.9043250679969788,-0.33325111865997314,-0.4474165439605713,0.06156725744338599
75.8,-0.8982958793640137,-0.3436763286590576,-0.44764259457588196,0.06167025974689774
75.9,-0.8924863934516907,-0.35354113578796387,-0.44775575399398804,0.06164594211926988
76.0,-0.8869072198867798,-0.36287397146224976,-0.4477583169937134,0.06149474550278668
76.10000000000001,-0.8815850019454956,-0.3717072308063507,-0.44768810272216797,0.06118730200362225
76.2,-0.8765036463737488,-0.38007768988609314,-0.4475044012069702,0.060791435876368795
76.3,-0.8717578649520874,-0.38805970549583435,-0.4475199282169342,0.06001797037792537
76.4,-0.8672410249710083,-0.39566048979759216,-0.44750282168388367,0.059155084900873844
76.5,-0.8629657030105591,-0.4029363691806793,-0.4474148452281952,0.058270713442178435
76.60000000000001,-0.8589096665382385,-0.409904807806015,-0.44719406962394714,0.05748248051649229
76.7,-0.8550460934638977,-0.41660118103027344,-0.44685783982276917,0.05684258067705935
76.80000000000001,-0.8513362407684326,-0.4231078028678894,-0.4465022087097168,0.05632279430471656
76.9,-0.8477806448936462,-0.42941370606422424,-0.4460524618625641,0.05605719763727508
77.0,-0.8442994356155396,-0.43561065196990967,-0.4456063508987427,0.056009938497560516
77.10000000000001,-0.840747058391571,-0.4418158233165741,-0.4453151822090149,0.05606156455329096
77.2,-0.8372601866722107,-0.4478955864906311,-0.44493579864501953,0.05650398197933018
77.30000000000001,-0.8337819576263428,-0.45388340950012207,-0.44446834921836853,0.05737599907947331
77.4,-0.830208420753479,-0.4598066508769989,-0.4439302682876587,0.05866842953068649
77.5,-0.8264607787132263,-0.46566304564476013,-0.44330668449401855,0.060379877482793345
77.60000000000001,-0.8223816156387329,-0.4714624881744385,-0.4426351487636566,0.062403377277361775
77.7,-0.8178238272666931,-0.4771803319454193,-0.441939115524292,0.06461948842585323
77.80000000000001,-0.8126878142356873,-0.482766717672348,-0.4412217140197754,0.06692932901070814
77.9,-0.8070027232170105,-0.4881427586078644,-0.44042158126831055,0.06934900935903489
78.0,-0.800592303276062,-0.4932709038257599,-0.43961217999458313,0.07167535795341187
78.10000000000001,-0.7929779887199402,-0.4980926811695099,-0.4390628933906555,0.07337169026827317
78.2,-0.784613847732544,-0.5024746060371399,-0.4385214149951935,0.07485269752367367
78.30000000000001,-0.7755100131034851,-0.506357729434967,-0.43799006938934326,0.07609152663458073
78.4,-0.7654131650924683,-0.5096408724784851,-0.43763959407806396,0.0767743244144765
78.5,-0.7544429302215576,-0.5122367739677429,-0.43746069073677063,0.07695191742616633
78.60000000000001,-0.742895781993866,-0.5141176581382751,-0.43726515769958496,0.07692993560210154
78.7,-0.7308151125907898,-0.5152368545532227,-0.43705692887306213,0.07671241075900864
78.80000000000001,-0.7182481288909912,-0.515553891658783,-0.43684715032577515,0.07630183328712137
78.9,-0.7052605152130127,-0.5150418877601624,-0.4366356432437897,0.07572358439004935
79.0,-0.691690981388092,-0.513617753982544,-0.43661829829216003,0.07471699125309084
79.10000000000001,-0.6775932312011719,-0.5112404823303223,-0.4368656277656555,0.07324863038032023
79.2,-0.6633310914039612,-0.508020281791687,-0.437079519033432,0.07177489813877169
79.30000000000001,-0.6494596600532532,-0.5041552782058716,-0.43670371174812317,0.07106075855544042
79.4,-0.6354618072509766,-0.4995662569999695,-0.43630948662757874,0.07037230784355565
79.5,-0.6213799118995667,-0.49411535263061523,-0.43597111105918884,0.06963630228997142
79.60000000000001,-0.6077209711074829,-0.48807841539382935,-0.43505358695983887,0.06966998402663481
79.7,-0.5939869284629822,-0.4813854694366455,-0.43420279026031494,0.06970175538808795
79.80000000000001,-0.5803195238113403,-0.4739721119403839,-0.4333714544773102,0.06981606028104537
79.9,-0.5666412115097046,-0.4659813344478607,-0.43266770243644714,0.06991684227881252
