n_steps,sim_time_s,wall_time_mean_ms,wall_time_std_ms,wall_time_max_ms,wall_time_p95_ms,wall_time_total_ms,cpu_time_mean_ms,cpu_time_std_ms,cpu_time_max_ms,cpu_time_p95_ms,cpu_time_total_ms,cpu_to_wall_ratio,freq_mean_hz,freq_std_hz,freq_min_hz,eq_rate_mean_hz,eq_rate_min_hz,eq_rate_p05_hz,wall_util_mean_pct,wall_util_max_pct,cpu_util_mean_pct,cpu_util_max_pct,wall_deadline_miss_count,cpu_deadline_miss_count,wall_deadline_miss_rate_pct,cpu_deadline_miss_rate_pct,controller,repetition_id
1000,99.9,0.029693193326238446,0.007124581726669505,0.25174999609579995,0.031627085991203785,29.693193326238447,0.029722999999998747,0.007091281336966542,0.25,0.032000000000032,29.72299999999875,1.0010038217659116,33948.154802044955,1498.5863397286887,3972.194699137486,33948.154802044955,3972.1946991389977,31618.470317692318,0.02969319332623845,0.25174999609579995,0.029722999999998754,0.25,0,0,0.0,0.0,PID,0
1000,99.9,0.031710789829957994,0.01587029868458656,0.4172089975327,0.037258397787809365,31.710789829957996,0.03103300000000148,0.006406083905161611,0.1109999999999,0.03700000000006476,31.03300000000148,0.978625892524563,32846.61204341221,3685.5438435735305,2396.8802348793097,32846.61204341222,2396.880234879455,26839.612252271396,0.031710789829957994,0.4172089975327089,0.031033000000001476,0.11099999999990236,0,0,0.0,0.0,PID,1
1000,99.9,0.0298618872766383,0.001323470433303843,0.04345900379121304,0.03196102334186435,29.8618872766383,0.029923000000001032,0.0015643116697133203,0.04500000000007276,0.032000000000032,29.923000000001032,1.0020465124255742,33541.578048282194,1226.1332861594644,23010.19150839785,33541.578048282194,23010.191508397842,31288.112001201163,0.0298618872766383,0.04345900379121551,0.029923000000001032,0.04500000000007372,0,0,0.0,0.0,PID,2
1000,99.9,0.029733708128333092,0.0012591256977442728,0.041624996811151505,0.03187918628100305,29.73370812833309,0.02977200000000002,0.0014035725845157594,0.042000000000097515,0.032000000000032,29.77200000000002,1.001287826984164,33682.53299079288,1200.3834626217945,24024.02586447997,33682.532990792875,24024.02586447997,31368.439332156322,0.029733708128333092,0.04162499681115387,0.02977200000000002,0.042000000000093934,0,0,0.0,0.0,PID,3
1000,99.9,0.029629624041263014,0.0010371743845204386,0.04058302147313952,0.0317100842949003,29.629624041263014,0.029667000000003885,0.0012182409449718204,0.04099999999995774,0.03105000000009901,29.667000000003885,1.001261438845421,33785.36253189088,1013.3490535749305,24640.846435297204,33785.36253189088,24640.84643529721,31535.711921573013,0.02962962404126301,0.04058302147313894,0.029667000000003888,0.040999999999957154,0,0,0.0,0.0,PID,4
1000,99.9,0.029721494938712567,0.0026641483796865702,0.09958300506696104,0.03166910319123417,29.721494938712567,0.029744999999995473,0.0027217595411743335,0.0989999999998492,0.032000000000032,29.74499999999547,1.0007908438431974,33765.81524241888,1501.2069012226445,10041.874106205025,33765.81524241888,10041.874106205027,31576.520411039342,0.02972149493871256,0.09958300506695254,0.029744999999995466,0.09899999999984074,0,0,0.0,0.0,PID,5
1000,99.9,0.02960288355825469,0.0011152468476303785,0.03995897714048624,0.03171107673551887,29.60288355825469,0.029633999999999272,0.0012751643031379263,0.03900000000012227,0.03199999999982106,29.633999999999272,1.0010511287416766,33821.24290354166,1085.199059453891,25025.665609113024,33821.24290354166,25025.665609113024,31534.72483266402,0.02960288355825469,0.03995897714048851,0.02963399999999928,0.039000000000124484,0,0,0.0,0.0,PID,6
1000,99.9,0.02957837749272585,0.0010734630085890969,0.04020804772153497,0.031211020541377362,29.57837749272585,0.029624999999999565,0.0012362746458577354,0.04000000000004,0.03100000000011427,29.624999999999567,1.0015762361300982,33846.03028179551,1038.5416749364172,24870.642984847324,33846.03028179551,24870.642984847324,32039.967443263642,0.02957837749272585,0.04020804772153154,0.029624999999999575,0.040000000000040135,0,0,0.0,0.0,PID,7
1000,99.9,0.02963011834071949,0.0018570288153199731,0.07758400170132518,0.03154313599225134,29.63011834071949,0.02967100000000333,0.001942359132604337,0.07700000000010476,0.03199999999980996,29.671000000003332,1.0013797332435106,33820.99093259547,1237.0136373436487,12889.255233955268,33820.99093259547,12889.255233955268,31702.621086008196,0.02963011834071949,0.07758400170132408,0.02967100000000334,0.07700000000010367,0,0,0.0,0.0,PID,8
1000,99.9,0.030063754646107554,0.0015818122444912588,0.055750017054378986,0.032127139274962246,30.063754646107554,0.030096000000001677,0.001645230682913895,0.056000000000056005,0.032000000000032,30.096000000001677,1.0010725657614525,33330.11574364486,1305.999504845645,17937.214243801798,33330.11574364486,17937.214243801798,31126.334417806484,0.03006375464610755,0.05575001705437894,0.030096000000001677,0.056000000000055956,0,0,0.0,0.0,PID,9
1000,99.9,0.05409618222620333,0.00338002312467886,0.1245000166818,0.057669071247801185,54.09618222620333,0.054099999999998344,0.00339882332579682,0.1229999999999,0.058000000000002494,54.099999999998346,1.0000705738120124,18532.45510012422,785.8063967807998,8032.127437825344,18532.455100124225,8032.127437828566,17340.31784406873,0.054096182226203327,0.1245000166818,0.05409999999999834,0.1229999999999,0,0,0.0,0.0,SMC,0
1000,99.9,0.053318947087973356,0.0016715226672326976,0.06849999772384763,0.055836059618741274,53.318947087973356,0.0533549999999996,0.0017409695574575827,0.0660000000000105,0.055999999999950534,53.3549999999996,1.0006761744932202,18771.329366877875,520.0982703612698,14598.540631073034,18771.329366877875,14598.540631073034,17909.573712675432,0.05331894708797335,0.06849999772384666,0.05335499999999959,0.06600000000000955,0,0,0.0,0.0,SMC,1
1000,99.9,0.05372934741899371,0.0019844553092957197,0.07324997568503022,0.05646109348163009,53.72934741899371,0.05376799999999837,0.002089539662222894,0.07299999999998974,0.05699999999997374,53.76799999999837,1.000719394201892,18633.721450008168,595.3420067427026,13651.881664779386,18633.721450008168,13651.881664779386,17711.311689877068,0.05372934741899371,0.07324997568503439,0.053767999999998366,0.07299999999999389,0,0,0.0,0.0,SMC,2
1000,99.9,0.053619216894730926,0.002043990772484437,0.071333022788167,0.05626456986647098,53.619216894730926,0.053671999999997284,0.0021058053091398345,0.07100000000015427,0.05699999999997374,53.67199999999728,1.0009844064931046,18673.062114163375,606.2514540896816,14018.752618540146,18673.06211416337,14018.752618540146,17773.196647861867,0.053619216894730926,0.07133302278816599,0.05367199999999727,0.07100000000015831,0,0,0.0,0.0,SMC,3
1000,99.9,0.053419228876009583,0.0016396069106036975,0.06962497718632221,0.05571224610321223,53.41922887600958,0.05346099999999954,0.001761385534169743,0.0700000000000145,0.056000000000056005,53.46099999999954,1.0007819492132113,18735.172692313354,500.8151802680014,14362.661797703962,18735.172692313354,14362.661797703962,17949.37697929809,0.05341922887600957,0.06962497718631627,0.05346099999999953,0.07000000000000853,0,0,0.0,0.0,SMC,4
1000,99.9,0.05337334529031068,0.0015825979566586712,0.06420898716896772,0.05583401070907712,53.37334529031068,0.053410999999999216,0.0017193251583066827,0.06499999999998174,0.056000000000056005,53.41099999999921,1.0007054965260977,18750.70926568023,498.6278598622726,15574.143809004065,18750.70926568023,15574.143809004063,17910.230472435444,0.05337334529031068,0.0642089871689691,0.0534109999999992,0.06499999999998543,0,0,0.0,0.0,SMC,5
1000,99.9,0.05352298024808981,0.002683699727675378,0.11391699081279999,0.05663124320562928,53.52298024808981,0.05357199999999924,0.0027894114074475747,0.1139999999999,0.05699999999997374,53.571999999999235,1.0009158636473943,18715.171402409673,659.9259795306162,8778.321766264928,18715.17140240968,8778.321766270159,17658.1013280354,0.05352298024808981,0.11391699081280647,0.053571999999999245,0.11399999999990648,0,0,0.0,0.0,SMC,6
1000,99.9,0.053374928480479866,0.0019038456911330858,0.07145904237404466,0.0557919847778976,53.374928480479866,0.05346700000000415,0.0020097042070911742,0.07099999999993223,0.056000000000056005,53.46700000000415,1.0017249956514314,18755.78206404467,573.5760533194438,13994.030241345914,18755.78206404467,13994.030241345914,17923.72155213516,0.05337492848047985,0.07145904237403856,0.05346700000000415,0.07099999999992618,0,0,0.0,0.0,SMC,7
1000,99.9,0.05334421538282186,0.0018102543249680612,0.0677499920129776,0.0561080203624442,53.34421538282186,0.05336200000000635,0.001882805353710779,0.06899999999987472,0.05699999999997374,53.36200000000635,1.000333393547114,18765.237190565054,562.8243670925788,14760.149341544551,18765.237190565054,14760.149341544553,17822.830583494404,0.05334421538282185,0.06774999201297784,0.05336200000000635,0.06899999999987497,0,0,0.0,0.0,SMC,8
1000,99.9,0.05322406499180943,0.0018024246788216525,0.07575005292892456,0.05571014480665326,53.22406499180943,0.05325599999999664,0.0018937961875459444,0.07599999999996498,0.05599999999983396,53.25599999999664,1.0006000106942625,18806.66526409969,539.5066134011794,13201.310907839088,18806.66526409969,13201.310907839088,17950.052550279677,0.05322406499180943,0.07575005292892886,0.05325599999999664,0.0759999999999693,0,0,0.0,0.0,SMC,9
1000,99.9,34.57404795242469,5.115106165522109,81.134625012055,42.01923122745933,34574.04795242469,34.43898400000004,4.8487890591099365,77.97600000000041,41.7182999999997,34438.98400000004,0.996093487444383,29.462051049361406,3.7712341381112764,12.325194081459294,29.46205104936145,12.325194081459301,23.798627304312852,34.57404795242469,81.13462501205385,34.43898400000004,77.9759999999993,0,0,0.0,0.0,NMPC,0
1000,99.9,33.323344625241546,6.8377886624491095,135.7905000331811,43.92393749149045,33323.344625241545,33.12017600000024,5.892513779621057,95.1799999999991,42.876749999998424,33120.17600000024,0.9939031142423977,30.817189285225627,4.317203988008281,7.364285423174997,30.817189285225673,7.364285423175001,22.766634430891553,33.32334462524154,135.79050003317917,33.12017600000023,95.17999999999775,1,0,0.1,0.0,NMPC,1
1000,99.9,34.19534669432319,15.352550023960754,353.3557500340976,42.90711690264286,34195.34669432319,33.404544000000094,8.033393584287301,139.5080000000064,42.12754999999568,33404.544000000096,0.9768739676368196,30.71507733581305,4.5062347969816585,2.8300091335813935,30.715077335813092,2.8300091335813935,23.30617889457877,34.19534669432319,353.3557500340976,33.404544000000094,139.5080000000064,6,4,0.6,0.4,NMPC,2
1000,99.9,33.8054123295005,7.179340203346363,89.0832080040127,43.26332855853248,33805.4123295005,33.59952200000004,6.458692689199336,84.0419999999966,42.54254999998819,33599.52200000004,0.9939095453859977,30.458074295510006,4.4023332678213505,11.225460133350332,30.45807429551006,11.225460133350333,23.11426763634944,33.80541232950049,89.08320800401144,33.59952200000005,84.04199999999541,0,0,0.0,0.0,NMPC,3
1000,99.9,36.655243088840464,18.517482600151684,323.1203340110369,53.35923123348036,36655.24308884046,35.05190800000023,9.042557119838007,102.5049999999794,50.26800000001111,35051.90800000023,0.9562590518100161,29.42088516392818,5.545604383274979,3.094822252708623,29.420885163928222,3.094822252708623,18.740945643445837,36.655243088840486,323.1203340110323,35.05190800000024,102.50499999997794,12,2,1.2,0.2,NMPC,4
1000,99.9,31.87513115745965,4.0037226676851585,57.2499170084483,40.900892342324305,31875.131157459648,31.769621999999835,3.8465806947358763,57.147999999983696,40.37359999999805,31769.621999999836,0.9966899224056959,31.791339056808557,3.380852148928125,17.46727422945311,31.791339056808603,17.46727422945314,24.44934456489029,31.87513115745964,57.2499170084483,31.76962199999983,57.147999999983696,0,0,0.0,0.0,NMPC,5
1000,99.9,34.92104500433193,5.916450636534507,113.6968330247327,42.67636846052481,34921.04500433193,34.67938599999975,4.843027116484559,76.3709999999946,42.36294999999755,34679.38599999975,0.9930798461414256,29.24024138144053,3.90807837666324,8.795319741073767,29.240241381440573,8.795319741073772,23.432172059559456,34.921045004331916,113.69683302473916,34.679385999999745,76.37099999998809,2,0,0.2,0.0,NMPC,6
1000,99.9,36.123840449261436,9.632249331017732,142.0028749853372,49.8313937685452,36123.840449261435,35.674201000000025,8.272823030175198,108.6080000000038,48.51995000000207,35674.20100000002,0.9875528337056808,28.84995604392524,4.859126695535512,7.042110943903471,28.849956043925275,7.042110943903475,20.067672202390025,36.12384044926142,142.0028749853251,35.67420100000002,108.60800000000225,3,2,0.3,0.2,NMPC,7
1000,99.9,36.80393747531339,5.217958622743538,79.382625001017,43.81481250748033,36803.93747531339,36.49307400000004,4.664787641738883,78.0389999999897,42.96784999997951,36493.074000000044,0.9915535266974665,27.650828308102167,3.535154216022946,12.597215070516862,27.650828308102202,12.597215070516862,22.823331725479587,36.80393747531339,79.382625001017,36.49307400000004,78.0389999999897,0,0,0.0,0.0,NMPC,8
1000,99.9,38.5141173555166,7.283691062436421,95.8393749897368,49.03825897199555,38514.1173555166,38.149905,6.519495525265205,82.6209999999605,48.13330000000624,38149.905,0.9905434064046015,26.674395953650034,3.991942347469049,10.434124806292688,26.674395953650063,10.43412480629269,20.392520010256696,38.514117355516596,95.83937498972861,38.149905,82.62099999996519,0,0,0.0,0.0,NMPC,9
1000,99.9,0.3261160533874719,0.3452819479749307,11.221749999094701,0.34000175364772495,326.1160533874719,0.3181509999999514,0.10703222037779389,3.657,0.3351000000000699,318.1509999999514,0.9755760156398775,3178.420338292245,176.54055069916447,89.11266068845491,3178.4203382927603,89.11266068845534,2941.1622239062513,0.3261160533874719,11.221749999094701,0.3181509999999514,3.657,0,0,0.0,0.0,PPO,0
1000,99.9,0.329307786305386,0.08311814924859279,1.4748339890502,0.40206075063898,329.307786305386,0.3252189999999542,0.06045190682683222,1.1269999999998,0.3910999999999899,325.2189999999542,0.987583693810264,3113.3425615740575,335.48218593081964,678.0424152307326,3113.3425615745386,678.0424152307505,2487.1864256620224,0.3293077863053861,1.4748339890501792,0.32521899999995424,1.126999999999864,0,0,0.0,0.0,PPO,1
1000,99.9,0.31607149692712994,0.019498054180310757,0.5305000231600999,0.345465229474905,316.07149692712994,0.315486999999953,0.01723008505494335,0.5009999999998,0.343049999999885,315.486999999953,0.9981507445851352,3173.4072131044113,156.8195856416582,1885.0140553116491,3173.4072131049097,1885.014055311755,2894.6473357975215,0.31607149692712994,0.5305000231601018,0.3154869999999529,0.5009999999998018,0,0,0.0,0.0,PPO,2
1000,99.9,0.3162700211395949,0.02002347469862214,0.5107080214656,0.3502271167235249,316.2700211395949,0.3152519999999651,0.01580052201669742,0.4439999999998,0.3410499999997049,315.2519999999651,0.9967811646011796,3171.8739673893,159.81817432373984,1958.0659750165748,3171.873967389794,1958.0659750169157,2855.2946318177187,0.31627002113959485,0.5107080214655928,0.31525199999996506,0.44399999999982526,0,0,0.0,0.0,PPO,3
1000,99.9,0.312103270727627,0.009415407856789107,0.42666698573149997,0.32433722517445496,312.103270727627,0.3119649999999406,0.008522310426182494,0.4080000000001,0.32404999999986495,311.9649999999406,0.9995569712314644,3206.5674614132868,83.33611568049994,2343.7482473254395,3206.5674614137847,2343.7482473258347,3083.210700352316,0.312103270727627,0.4266669857314977,0.3119649999999406,0.40800000000009784,0,0,0.0,0.0,PPO,4
1000,99.9,0.3075521379359485,0.010814808102772648,0.4540830268524,0.319529138505385,307.5521379359485,0.3074829999999489,0.009543254738307628,0.42000000000000004,0.32000000000030004,307.4829999999489,0.9997751992996582,3254.72807483988,93.16995762445633,2202.24042931453,3254.7280748404237,2202.2404293148147,3129.605526904371,0.3075521379359485,0.45408302685239355,0.3074829999999489,0.41999999999999404,0,0,0.0,0.0,PPO,5
1000,99.9,0.31278719013784506,0.018928786814116413,0.5437089712359,0.33754612668412504,312.7871901378451,0.3122539999999492,0.01653594521036109,0.48699999999960003,0.33305000000026497,312.2539999999492,0.9982953581389925,3206.039158314191,150.54417530325264,1839.219238422546,3206.0391583147225,1839.2192384225496,2962.5580737516266,0.3127871901378451,0.5437089712359309,0.31225399999994924,0.4869999999996277,0,0,0.0,0.0,PPO,6
1000,99.9,0.3130942630231824,0.017615356231304617,0.48074999358500003,0.336624702322295,313.0942630231824,0.31247399999995223,0.01468507146730932,0.4550000000005,0.33604999999980995,312.47399999995224,0.9980189256192655,3202.0313045110674,145.3168379032449,2080.0832310839933,3202.0313045115686,2080.0832310842097,2970.668177277343,0.3130942630231824,0.48074999358502735,0.3124739999999522,0.4550000000005259,0,0,0.0,0.0,PPO,7
1000,99.9,0.3060549345681883,0.004870988053580333,0.3322920529171,0.31679404492015,306.0549345681883,0.3060889999999548,0.004965186703442323,0.3329999999994,0.3169999999999,306.0889999999548,1.0001113049584205,3268.1876883001423,50.306671211260806,3009.400890635297,3268.187688300669,3009.4008906360436,3156.6249960569808,0.3060549345681883,0.3322920529170953,0.3060889999999548,0.3329999999993953,0,0,0.0,0.0,PPO,8
1000,99.9,0.3057484972523034,0.005280425418121007,0.35950000165030005,0.317585133598175,305.7484972523034,0.3057949999999469,0.005308198847084728,0.3589999999995,0.317999999999145,305.7949999999469,1.0001520947709028,3271.5939119148584,54.00819076240087,2781.641155520021,3271.593911915384,2781.641155520049,3148.762001229658,0.3057484972523034,0.3595000016503204,0.30579499999994686,0.3589999999995204,0,0,0.0,0.0,PPO,9
