num_timesteps,train/approx_kl,train/clip_fraction,train/clip_range,train/entropy_loss,train/explained_variance,train/learning_rate,train/loss,train/policy_gradient_loss,train/value_loss,time/fps,time/iterations,time/total_timesteps,rollout/ep_len_mean,rollout/ep_rew_mean
2048,nan,nan,nan,nan,nan,nan,nan,nan,nan,nan,nan,nan,nan,nan
4096,0.010361878201365471,0.09248046875,0.2,-8.521277582645416,-0.09301614761352539,0.0003,0.05666164308786392,-0.012837754414067603,0.5818615674041212,nan,nan,nan,nan,nan
6144,0.010774383321404457,0.098388671875,0.2,-8.51844146847725,0.4920002222061157,0.0003,0.03469887375831604,-0.01492354872461874,0.1393160806503147,nan,nan,nan,nan,nan
8192,0.010094543918967247,0.096533203125,0.2,-8.499212917685508,0.538914144039154,0.0003,0.0533713661134243,-0.014507227635476738,0.11287038581212983,nan,nan,nan,nan,nan
10240,0.009416129440069199,0.090380859375,0.2,-8.499277007579803,0.48639166355133057,0.0003,0.012391405180096626,-0.014576589861826505,0.11125102812657132,nan,nan,nan,nan,nan
12288,0.012222735211253166,0.13212890625,0.2,-8.50157401561737,0.466835618019104,0.0003,0.00375942699611187,-0.02045429944555508,0.10161331916460767,nan,nan,nan,nan,nan
14336,0.010990974493324757,0.109619140625,0.2,-8.484534788131715,0.40768224000930786,0.0003,0.009794628247618675,-0.018300001219904515,0.10605655801482498,nan,nan,nan,nan,nan
16384,0.010441303253173828,0.108935546875,0.2,-8.475575610995293,0.46095871925354004,0.0003,0.01739705540239811,-0.015290805873519275,0.0788856522354763,nan,nan,nan,nan,nan
18432,0.008601934649050236,0.096142578125,0.2,-8.469319108128548,0.523543119430542,0.0003,0.034259382635354996,-0.014552700558851939,0.09366084178909659,nan,nan,nan,nan,nan
20480,0.012781656347215176,0.142724609375,0.2,-8.468550521135331,0.6468760967254639,0.0003,-0.029066497460007668,-0.02085731909464812,0.08099021555972286,nan,nan,nan,nan,nan
22528,0.01153248269110918,0.1251953125,0.2,-8.45752777159214,0.6445604562759399,0.0003,-0.013608120381832123,-0.019913592709053775,0.0588017943140585,nan,nan,nan,nan,nan
24576,0.012601429596543312,0.12041015625,0.2,-8.456317684054374,0.5770236849784851,0.0003,0.007412519305944443,-0.018246304872445763,0.07477712524123489,nan,nan,nan,nan,nan
26624,0.010846330784261227,0.11318359375,0.2,-8.445688250660897,0.6554310321807861,0.0003,-0.018674336373806,-0.01753950651764171,0.08176468718447723,nan,nan,nan,nan,nan
28672,0.00920075736939907,0.09990234375,0.2,-8.435043835639954,0.640498161315918,0.0003,-0.006420968100428581,-0.015051313837466296,0.06344514319789596,nan,nan,nan,nan,nan
30720,0.011603429913520813,0.126953125,0.2,-8.441824689507484,0.6348391771316528,0.0003,0.01238514855504036,-0.02083015712269116,0.055101076437858866,nan,nan,nan,nan,nan
32768,0.01231221854686737,0.137255859375,0.2,-8.443954196572303,0.7139889001846313,0.0003,-0.0073176659643650055,-0.017506867490010337,0.05837903984356672,nan,nan,nan,nan,nan
34816,0.010518159717321396,0.113427734375,0.2,-8.429629716277123,0.7134802341461182,0.0003,0.004880344495177269,-0.0194044583797222,0.05551966117927805,nan,nan,nan,nan,nan
36864,0.011846525594592094,0.1509765625,0.2,-8.412888494133949,0.7744621634483337,0.0003,0.003079742193222046,-0.018405851979332512,0.05092976795276627,nan,nan,nan,nan,nan
38912,0.009896256029605865,0.11962890625,0.2,-8.399281334877013,0.7763445377349854,0.0003,-0.0036496687680482864,-0.016956616887182464,0.04412202311796136,nan,nan,nan,nan,nan
40960,0.0101165771484375,0.127392578125,0.2,-8.407993295788765,0.838506817817688,0.0003,0.0015808679163455963,-0.016498092401889153,0.03668804473709315,nan,nan,nan,nan,nan
43008,0.01300371065735817,0.130224609375,0.2,-8.433698955178262,0.7599571347236633,0.0003,-0.010444007813930511,-0.018443327711429446,0.03849427937529981,nan,nan,nan,nan,nan
45056,0.010270277038216591,0.1265625,0.2,-8.437679865956307,0.8140000104904175,0.0003,-0.025663867592811584,-0.017527687136316673,0.04500267106341198,nan,nan,nan,nan,nan
47104,0.01071624830365181,0.121484375,0.2,-8.419123154878616,0.816300630569458,0.0003,-0.00037215836346149445,-0.015781315082858783,0.04733916578115895,nan,nan,nan,nan,nan
49152,0.011841635219752789,0.1462890625,0.2,-8.4160993039608,0.8349099159240723,0.0003,-0.019355935975909233,-0.018938192384666763,0.04865193612640724,nan,nan,nan,nan,nan
51200,0.01092665083706379,0.1333984375,0.2,-8.416493743658066,0.8314678072929382,0.0003,-0.0005046119913458824,-0.018279800318123308,0.04081133758008946,nan,nan,nan,nan,nan
53248,0.011108546517789364,0.1451171875,0.2,-8.392556914687157,0.833236813545227,0.0003,-0.019063271582126617,-0.02111707411968382,0.044330852455459535,nan,nan,nan,nan,nan
55296,0.011370944790542126,0.147705078125,0.2,-8.371840000152588,0.8840436935424805,0.0003,-0.028382305055856705,-0.02160975707229227,0.030501158523838966,nan,nan,nan,nan,nan
57344,0.011690317653119564,0.126904296875,0.2,-8.360812184214591,0.7745940685272217,0.0003,-0.001933063380420208,-0.018182250681275037,0.03011850956827402,nan,nan,nan,nan,nan
59392,0.011660020798444748,0.1232421875,0.2,-8.377251291275025,0.8074261546134949,0.0003,-0.007520539220422506,-0.019719650885963346,0.02548505406011827,nan,nan,nan,nan,nan
61440,0.009994697757065296,0.10869140625,0.2,-8.391560366749763,0.8501818776130676,0.0003,-0.025486916303634644,-0.01770138886204222,0.02472870338242501,nan,nan,nan,nan,nan
63488,0.010974356904625893,0.125,0.2,-8.37853467464447,0.8765358924865723,0.0003,-0.013472609221935272,-0.018772627685393672,0.025469623997923917,nan,nan,nan,nan,nan
65536,0.012564556673169136,0.144140625,0.2,-8.364715307950974,0.8778931498527527,0.0003,-0.005026037804782391,-0.021077365038217978,0.025238931420608422,nan,nan,nan,nan,nan
67584,0.010723384097218513,0.11943359375,0.2,-8.346881717443466,0.8429611921310425,0.0003,-0.04071797803044319,-0.017628488456102785,0.018076965503860266,nan,nan,nan,nan,nan
69632,0.013336388394236565,0.14931640625,0.2,-8.338174897432328,0.7507480382919312,0.0003,-0.016668759286403656,-0.02354994219567743,0.01794648900104221,nan,nan,nan,nan,nan
71680,0.01635134406387806,0.166796875,0.2,-8.336351484060287,0.87954181432724,0.0003,-0.02199516072869301,-0.02205288445111364,0.02007459463493433,nan,nan,nan,nan,nan
73728,0.013424757868051529,0.177001953125,0.2,-8.33315830230713,0.8908079862594604,0.0003,-0.011433223262429237,-0.02362707644497277,0.021684860094683244,nan,nan,nan,nan,nan
75776,0.012598905712366104,0.142724609375,0.2,-8.331287878751755,0.899597704410553,0.0003,-0.018059508875012398,-0.01931202251362265,0.028659543808316812,nan,nan,nan,nan,nan
77824,0.011468449607491493,0.135205078125,0.2,-8.315525862574578,0.8359348177909851,0.0003,-0.015552440658211708,-0.02117227871931391,0.016804881078132893,nan,nan,nan,nan,nan
79872,0.010688535869121552,0.11748046875,0.2,-8.276185974478722,0.9068052768707275,0.0003,-0.026979051530361176,-0.018175935132603627,0.02436863126931712,nan,nan,nan,nan,nan
81920,0.01454114355146885,0.147607421875,0.2,-8.226052737236023,0.8797633051872253,0.0003,-0.043300338089466095,-0.021312431604019366,0.029036032970179804,nan,nan,nan,nan,nan
83968,0.012007825076580048,0.153564453125,0.2,-8.201044729351997,0.8289730548858643,0.0003,-0.004085687920451164,-0.019037965110328514,0.03574248273507692,nan,nan,nan,nan,nan
86016,0.012099921703338623,0.144677734375,0.2,-8.164119201898576,0.8659923076629639,0.0003,0.00502391904592514,-0.02025164524966385,0.03717727810435463,nan,nan,nan,nan,nan
88064,0.012958223931491375,0.176953125,0.2,-8.118979868292808,0.8220742344856262,0.0003,-0.04382368177175522,-0.024867262679617853,0.02465033175831195,nan,nan,nan,nan,nan
90112,0.013712558895349503,0.1474609375,0.2,-8.115259996056556,0.9206511974334717,0.0003,-0.0235714390873909,-0.021036095908493736,0.017125167007907293,nan,nan,nan,nan,nan
92160,0.012452167458832264,0.129248046875,0.2,-8.116170498728753,0.8577529191970825,0.0003,-0.02858917787671089,-0.01882993123726919,0.022476089469273576,nan,nan,nan,nan,nan
94208,0.013081563636660576,0.14853515625,0.2,-8.121902218461036,0.893765926361084,0.0003,-0.02259747125208378,-0.02362661404768005,0.017967830997076818,nan,nan,nan,nan,nan
96256,0.010368800722062588,0.139501953125,0.2,-8.144028547406197,0.7930442094802856,0.0003,-0.018411988392472267,-0.019677194514952135,0.016908669038093647,nan,nan,nan,nan,nan
98304,0.010886874981224537,0.130126953125,0.2,-8.131473070383072,0.8782528042793274,0.0003,-0.020185060799121857,-0.02135918892745394,0.015048172138631345,nan,nan,nan,nan,nan
100352,0.014691513031721115,0.1734375,0.2,-8.125426656007766,0.8383656144142151,0.0003,-0.04454977437853813,-0.02254381881430163,0.01679255277995253,nan,nan,nan,nan,nan
102400,0.011011827737092972,0.131298828125,0.2,-8.12570288181305,0.8579208850860596,0.0003,-0.03558268025517464,-0.02105945902731037,0.018616946844849734,nan,nan,nan,nan,nan
104448,0.013119708746671677,0.15009765625,0.2,-8.101157093048096,0.8627926111221313,0.0003,-0.045055631548166275,-0.0238170802287641,0.015200203587301075,nan,nan,nan,nan,nan
106496,0.012149150483310223,0.1435546875,0.2,-8.104599303007125,0.7533919811248779,0.0003,-0.01594950631260872,-0.02169380030973116,0.026210603793151675,nan,nan,nan,nan,nan
108544,0.014653620310127735,0.1900390625,0.2,-8.104157561063767,0.8308397531509399,0.0003,-0.0317421481013298,-0.025355179508915172,0.02749425210058689,nan,nan,nan,nan,nan
110592,0.014622120186686516,0.16220703125,0.2,-8.089395400881767,0.7880076766014099,0.0003,-0.0004952265881001949,-0.022871489980025216,0.026776750062708743,nan,nan,nan,nan,nan
112640,0.013197991997003555,0.14375,0.2,-8.097505927085876,0.752746045589447,0.0003,-0.028560852631926537,-0.022928228582895827,0.01855037480563624,nan,nan,nan,nan,nan
114688,0.012901149690151215,0.154248046875,0.2,-8.103207883238792,0.818107545375824,0.0003,-0.03768277168273926,-0.02204968797886977,0.019070248428033666,nan,nan,nan,nan,nan
116736,0.011661725118756294,0.128662109375,0.2,-8.098024502396584,0.7526623606681824,0.0003,-0.012918227352201939,-0.017549589631380515,0.03606332291674334,nan,nan,nan,nan,nan
118784,0.011965624988079071,0.13671875,0.2,-8.073663663864135,0.6684237718582153,0.0003,-0.015906069427728653,-0.01928455573070096,0.04235512140148785,nan,nan,nan,nan,nan
120832,0.009988576173782349,0.109814453125,0.2,-8.063858461380004,0.7981452345848083,0.0003,-0.008557101711630821,-0.018325755260593723,0.019237294502090663,nan,nan,nan,nan,nan
122880,0.011505765840411186,0.13818359375,0.2,-8.049910727143288,0.8714629411697388,0.0003,-0.042864006012678146,-0.021158938070584554,0.01441652509965934,nan,nan,nan,nan,nan
124928,0.01658458448946476,0.1751953125,0.2,-8.016165018081665,0.7698233127593994,0.0003,-0.027979230508208275,-0.021508197170624042,0.03575439184496645,nan,nan,nan,nan,nan
126976,0.012417970225214958,0.139990234375,0.2,-7.962551707029343,0.8058664202690125,0.0003,-0.006437370087951422,-0.020943659180193207,0.03196507631946588,nan,nan,nan,nan,nan
129024,0.011956981383264065,0.140673828125,0.2,-7.910625031590461,0.8168970346450806,0.0003,-0.02349374257028103,-0.021193578554084526,0.020774143186281437,nan,nan,nan,nan,nan
131072,0.011740429326891899,0.136767578125,0.2,-7.897846779227256,0.8665978908538818,0.0003,-0.008863238617777824,-0.02236537393182516,0.022891503044229468,nan,nan,nan,nan,nan
133120,0.012535002082586288,0.15693359375,0.2,-7.901102669537067,0.8211100697517395,0.0003,-0.034923966974020004,-0.019515492430946323,0.03831789819232654,nan,nan,nan,nan,nan
135168,0.014997541904449463,0.166552734375,0.2,-7.928093229234219,0.8162211179733276,0.0003,-0.028981290757656097,-0.024237089959933657,0.02385815895686392,nan,nan,nan,nan,nan
137216,0.014554059132933617,0.16962890625,0.2,-7.906316819787025,0.6149656176567078,0.0003,-0.020035628229379654,-0.023928132552464378,0.04547522959474008,nan,nan,nan,nan,nan
139264,0.011608418077230453,0.1318359375,0.2,-7.872392758727074,0.7752975821495056,0.0003,-0.01860726624727249,-0.021932904468849303,0.031822307375841775,nan,nan,nan,nan,nan
141312,0.01403169147670269,0.162158203125,0.2,-7.844561395049095,0.8247020244598389,0.0003,-0.02134229615330696,-0.021714160290139263,0.025149712586426176,nan,nan,nan,nan,nan
143360,0.0134000638499856,0.164013671875,0.2,-7.8005303084850315,0.792392909526825,0.0003,-0.01811557076871395,-0.02265605236461852,0.025457163029932416,nan,nan,nan,nan,nan
145408,0.013956855982542038,0.157373046875,0.2,-7.7750569701194765,0.8124625086784363,0.0003,-0.03507865220308304,-0.02153765151524567,0.03993361853645183,nan,nan,nan,nan,nan
147456,0.01593761146068573,0.167041015625,0.2,-7.761034916341305,0.8342950344085693,0.0003,-0.029743429273366928,-0.022098938761337193,0.030835910610039718,nan,nan,nan,nan,nan
149504,0.015812767669558525,0.18173828125,0.2,-7.744246277213096,0.8058333396911621,0.0003,-0.030261870473623276,-0.02571649950259598,0.026470789368613624,nan,nan,nan,nan,nan
151552,0.012825658544898033,0.1541015625,0.2,-7.726608797907829,0.8601593375205994,0.0003,0.0031079743057489395,-0.023739430133718997,0.029170287156011908,nan,nan,nan,nan,nan
153600,0.014001203700900078,0.168408203125,0.2,-7.712444691359996,0.94471275806427,0.0003,-0.02219415083527565,-0.020200624724384397,0.020541095695807598,nan,nan,nan,nan,nan
155648,0.013985724188387394,0.15390625,0.2,-7.705049550533294,0.8513410091400146,0.0003,-0.026142064481973648,-0.019865337533701677,0.04114304971881211,nan,nan,nan,nan,nan
157696,0.012563773430883884,0.1578125,0.2,-7.702463994920254,0.7810325622558594,0.0003,-0.02892395295202732,-0.022039620846044272,0.04393478524580132,nan,nan,nan,nan,nan
159744,0.013988173566758633,0.163427734375,0.2,-7.653252556920052,0.8869209289550781,0.0003,-0.025826044380664825,-0.022266357129410608,0.03773517208173871,nan,nan,nan,nan,nan
161792,0.014789405278861523,0.18154296875,0.2,-7.6232262924313545,0.9196555018424988,0.0003,-0.01885264180600643,-0.020648650609655306,0.0206875877091079,nan,nan,nan,nan,nan
163840,0.014192206785082817,0.161572265625,0.2,-7.621651646494866,0.7554755806922913,0.0003,-0.0531330332159996,-0.021330121220671572,0.024756797426380216,nan,nan,nan,nan,nan
165888,0.017720835283398628,0.203076171875,0.2,-7.615330962836742,0.9058080911636353,0.0003,-0.03145400807261467,-0.024867955823719968,0.0201791018655058,nan,nan,nan,nan,nan
167936,0.01371998805552721,0.171533203125,0.2,-7.609289775788784,0.8781590461730957,0.0003,0.0008462085388600826,-0.02380302952224156,0.022463788208551706,nan,nan,nan,nan,nan
169984,0.014482968486845493,0.146923828125,0.2,-7.611209772527218,0.8844559192657471,0.0003,-0.03096442110836506,-0.017912138148676603,0.010138252840260976,nan,nan,nan,nan,nan
172032,0.012546725571155548,0.156787109375,0.2,-7.598127202689648,0.7280746698379517,0.0003,-0.008396327495574951,-0.016313353630721394,0.009098941763659241,nan,nan,nan,nan,nan
174080,0.012512589804828167,0.159912109375,0.2,-7.573584905266761,0.6845544576644897,0.0003,-0.017832431942224503,-0.01906389651921927,0.007609122729627415,nan,nan,nan,nan,nan
176128,0.015563184395432472,0.16748046875,0.2,-7.519599828124046,0.7773088216781616,0.0003,-0.029077954590320587,-0.02159746464312775,0.018146601707849187,nan,nan,nan,nan,nan
178176,0.012638997286558151,0.144189453125,0.2,-7.476136928796768,0.8988050222396851,0.0003,-0.03386203199625015,-0.017891449817398097,0.007815375967038563,nan,nan,nan,nan,nan
180224,0.011686325073242188,0.14951171875,0.2,-7.450952692329883,0.7429880499839783,0.0003,-0.013964278623461723,-0.01675242798519321,0.005738651603314793,nan,nan,nan,nan,nan
182272,0.015628177672624588,0.187109375,0.2,-7.411634722352028,0.7184922099113464,0.0003,-0.007140408270061016,-0.020778030720248353,0.00317890926344262,nan,nan,nan,nan,nan
184320,0.012019382789731026,0.125439453125,0.2,-7.363941188156605,0.7863706946372986,0.0003,-0.003531551919877529,-0.015655353690090124,0.006878424154274398,nan,nan,nan,nan,nan
186368,0.013361340388655663,0.157763671875,0.2,-7.3583742961287495,0.6985013484954834,0.0003,-0.045378971844911575,-0.0177449792434345,0.004635149835667107,nan,nan,nan,nan,nan
188416,0.01338076964020729,0.15419921875,0.2,-7.327563011646271,0.687917947769165,0.0003,-0.025300901383161545,-0.01979966089129448,0.003004951059483574,nan,nan,nan,nan,nan
190464,0.013822989538311958,0.150537109375,0.2,-7.298802316188812,0.6797018051147461,0.0003,0.008904922753572464,-0.015726904099574314,0.0025479409232502803,nan,nan,nan,nan,nan
192512,0.010759695433080196,0.143212890625,0.2,-7.308581554889679,0.8056890964508057,0.0003,-0.01708425208926201,-0.01687034276110353,0.0022255029492953327,nan,nan,nan,nan,nan
194560,0.014997586607933044,0.176513671875,0.2,-7.338130661845208,0.8201884031295776,0.0003,-0.03563954681158066,-0.017794320703251286,0.0022793882268160814,nan,nan,nan,nan,nan
196608,0.015691477805376053,0.165625,0.2,-7.360567550361156,0.8325628638267517,0.0003,-0.014788281172513962,-0.023132419551257045,0.0029905313360359285,nan,nan,nan,nan,nan
198656,0.013973674736917019,0.1736328125,0.2,-7.347369287908077,0.7641782164573669,0.0003,-0.01622088812291622,-0.022410705912625416,0.002562413004125119,nan,nan,nan,nan,nan
200704,0.01300995796918869,0.160693359375,0.2,-7.346556684374809,0.870126485824585,0.0003,-0.04935458302497864,-0.0190843783391756,0.005315898136541364,nan,nan,nan,nan,nan
202752,0.012947074137628078,0.14970703125,0.2,-7.334617237746715,0.6588796377182007,0.0003,-0.012293495237827301,-0.021389986883150414,0.0028830279898102162,nan,nan,nan,nan,nan
204800,0.013873596675693989,0.16845703125,0.2,-7.300497740507126,0.7794547080993652,0.0003,-0.00666802516207099,-0.01984368267512764,0.00193285302593722,nan,nan,nan,nan,nan
206848,0.013606658205389977,0.189013671875,0.2,-7.284586603939533,0.8639051914215088,0.0003,-0.05022519454360008,-0.020249789138324557,0.001649287549116707,nan,nan,nan,nan,nan
208896,0.016823742538690567,0.202880859375,0.2,-7.269900053739548,0.8117004632949829,0.0003,-0.042249761521816254,-0.022145437200379092,0.00421389580151299,nan,nan,nan,nan,nan
210944,0.01580876111984253,0.182958984375,0.2,-7.221513411402702,0.676727831363678,0.0003,-0.05925823003053665,-0.021349735771946144,0.0032161116563656834,nan,nan,nan,nan,nan
212992,0.01686236634850502,0.16572265625,0.2,-7.207572677731514,0.8197163343429565,0.0003,-0.04061221703886986,-0.021615060503972928,0.002742924249832868,nan,nan,nan,nan,nan
215040,0.012075752019882202,0.148388671875,0.2,-7.204316864907741,0.8543288707733154,0.0003,-0.03606744110584259,-0.016279505103011616,0.001625147117920278,nan,nan,nan,nan,nan
217088,0.0136391781270504,0.15947265625,0.2,-7.195639064908027,0.8401640057563782,0.0003,-0.03238947317004204,-0.019496226131741422,0.002531655743223382,nan,nan,nan,nan,nan
219136,0.01438523456454277,0.183984375,0.2,-7.147769936919213,0.8166500926017761,0.0003,-0.018582966178655624,-0.021457291237311438,0.003214775702508632,nan,nan,nan,nan,nan
221184,0.01458742469549179,0.1798828125,0.2,-7.100023438036442,0.874981164932251,0.0003,-0.021917251870036125,-0.01764731940056663,0.0016389387288654688,nan,nan,nan,nan,nan
223232,0.013774796389043331,0.17060546875,0.2,-7.08248585164547,0.8799794912338257,0.0003,-0.0286390483379364,-0.02142835683262092,0.0014998711349107907,nan,nan,nan,nan,nan
225280,0.014872496947646141,0.168994140625,0.2,-7.056294347345829,0.8620394468307495,0.0003,-0.03435056284070015,-0.01930682849342702,0.001750077699580288,nan,nan,nan,nan,nan
227328,0.013479182496666908,0.175244140625,0.2,-7.023411306738853,0.8240589499473572,0.0003,0.002697054762393236,-0.016453482938959495,0.002701609835276031,nan,nan,nan,nan,nan
229376,0.01563597470521927,0.179248046875,0.2,-7.014274388551712,0.8751753568649292,0.0003,-0.01209679152816534,-0.01792446967883734,0.0017035457014571876,nan,nan,nan,nan,nan
231424,0.012520870193839073,0.16298828125,0.2,-7.013845686614514,0.7915042042732239,0.0003,-0.04784725606441498,-0.01782718297909014,0.002053646221247618,nan,nan,nan,nan,nan
233472,0.015748459845781326,0.180517578125,0.2,-6.99405235350132,0.8474246263504028,0.0003,-0.030216041952371597,-0.021980483614606784,0.00170367546070338,nan,nan,nan,nan,nan
235520,0.012136368080973625,0.1595703125,0.2,-6.987291932106018,0.8614547848701477,0.0003,-0.02797841466963291,-0.01758217187016271,0.0016347958326150547,nan,nan,nan,nan,nan
237568,0.01333536859601736,0.16875,0.2,-6.982030355930329,0.8942650556564331,0.0003,-0.0450221486389637,-0.021291761178872548,0.0014119740273599746,nan,nan,nan,nan,nan
239616,0.016489483416080475,0.194921875,0.2,-6.95426078736782,0.9010486602783203,0.0003,-0.008073357865214348,-0.021624195424374194,0.0015205928717477945,nan,nan,nan,nan,nan
241664,0.01452038437128067,0.177294921875,0.2,-6.947482290863991,0.7479038238525391,0.0003,-0.0401395820081234,-0.018633339263033122,0.004678995577705791,nan,nan,nan,nan,nan
243712,0.01692197471857071,0.1603515625,0.2,-6.904260763525963,0.8611150979995728,0.0003,-0.04658984765410423,-0.022136991006846074,0.001684381361155829,nan,nan,nan,nan,nan
245760,0.016912955790758133,0.170458984375,0.2,-6.840444160997867,0.8981508612632751,0.0003,-0.026781659573316574,-0.020103477573138663,0.0014572105636034393,nan,nan,nan,nan,nan
247808,0.0149498600512743,0.162109375,0.2,-6.8147760927677155,0.91126549243927,0.0003,-0.008144215680658817,-0.016575341210409534,0.0017477848818089115,nan,nan,nan,nan,nan
249856,0.01316886954009533,0.152880859375,0.2,-6.800739561021328,0.9038939476013184,0.0003,-0.038765132427215576,-0.02041373617685167,0.0019298102561151609,nan,nan,nan,nan,nan
251904,0.017758740112185478,0.197412109375,0.2,-6.792600531876087,0.8896154761314392,0.0003,-0.022142719477415085,-0.022640060241974423,0.0023481705335143487,nan,nan,nan,nan,nan
253952,0.012555249966681004,0.17001953125,0.2,-6.786698184907436,0.8750442266464233,0.0003,-0.006605028174817562,-0.017374595389992465,0.0017828731555709965,nan,nan,nan,nan,nan
256000,0.015706663951277733,0.163330078125,0.2,-6.762560455501079,0.8485073447227478,0.0003,-0.050040215253829956,-0.022717139812448293,0.0022338663820846705,nan,nan,nan,nan,nan
258048,0.014111053198575974,0.169775390625,0.2,-6.712425537407398,0.8724527955055237,0.0003,-0.045986223965883255,-0.021355350654630456,0.00239583124875935,nan,nan,nan,nan,nan
260096,0.01415224839001894,0.188134765625,0.2,-6.682393282651901,0.8913896083831787,0.0003,-0.044882405549287796,-0.024667684160522185,0.0018539906543082907,nan,nan,nan,nan,nan
262144,0.01377299427986145,0.171728515625,0.2,-6.665245984494686,0.876684308052063,0.0003,-0.031431566923856735,-0.019923513014509807,0.0016408964129368542,nan,nan,nan,nan,nan
264192,0.014517762698233128,0.185693359375,0.2,-6.646969303488731,0.8796961903572083,0.0003,-0.056736208498477936,-0.023497933261387514,0.0016381096123950557,nan,nan,nan,nan,nan
266240,0.014656348153948784,0.1826171875,0.2,-6.62915689945221,0.9046443700790405,0.0003,-0.0471157431602478,-0.020425535451067844,0.001491505601006793,nan,nan,nan,nan,nan
268288,0.017440147697925568,0.199169921875,0.2,-6.599460700154305,0.9049696326255798,0.0003,0.003764666384086013,-0.022946988021431025,0.001531671154043579,nan,nan,nan,nan,nan
270336,0.013978786766529083,0.181298828125,0.2,-6.562775774300098,0.8874147534370422,0.0003,-0.0030519242864102125,-0.020989357747021133,0.0018895223627623636,nan,nan,nan,nan,nan
272384,0.016630880534648895,0.1845703125,0.2,-6.542593547701836,0.9310319423675537,0.0003,-0.018258191645145416,-0.02128626010089647,0.0010892980946664466,nan,nan,nan,nan,nan
274432,0.019262447953224182,0.18818359375,0.2,-6.5105668410658835,0.9250248670578003,0.0003,-0.012817366980016232,-0.019925931337638758,0.0013161508250050247,nan,nan,nan,nan,nan
276480,0.015097706578671932,0.19697265625,0.2,-6.477137383818627,0.9116542935371399,0.0003,-0.0031199813820421696,-0.0238008237327449,0.0015257679182468565,nan,nan,nan,nan,nan
278528,0.01408238336443901,0.182275390625,0.2,-6.431894020736218,0.9218173623085022,0.0003,-0.048513177782297134,-0.021080452424939722,0.0015895343212832813,nan,nan,nan,nan,nan
280576,0.015301575884222984,0.202490234375,0.2,-6.390968126058579,0.9337931275367737,0.0003,-0.023735428228974342,-0.022630100183596367,0.001158573214252101,nan,nan,nan,nan,nan
282624,0.01828055828809738,0.230126953125,0.2,-6.3481165885925295,0.9090006947517395,0.0003,-0.019266201183199883,-0.025408513392903842,0.0017953093227333738,nan,nan,nan,nan,nan
284672,0.017121076583862305,0.192919921875,0.2,-6.3118014395236965,0.9296915531158447,0.0003,-0.05150899663567543,-0.021520197289646603,0.00109305104942905,nan,nan,nan,nan,nan
286720,0.018498092889785767,0.22568359375,0.2,-6.319013628363609,0.9163011312484741,0.0003,-0.04657713696360588,-0.02395442331689992,0.0013491772203451547,nan,nan,nan,nan,nan
288768,0.019125351682305336,0.21044921875,0.2,-6.286457617580891,0.9283545017242432,0.0003,-0.03926580026745796,-0.025605140947300244,0.0012298821373406099,nan,nan,nan,nan,nan
290816,0.01654357835650444,0.1939453125,0.2,-6.237896384298802,0.9365319609642029,0.0003,-0.02042970433831215,-0.02202741970831994,0.001136905976545677,nan,nan,nan,nan,nan
292864,0.017290938645601273,0.203369140625,0.2,-6.2019527614116665,0.9421733021736145,0.0003,-0.04167832434177399,-0.022726149593654554,0.000983963582530123,nan,nan,nan,nan,nan
294912,0.0185278058052063,0.199462890625,0.2,-6.173749989271164,0.9222214818000793,0.0003,-0.03206291422247887,-0.024346992923528887,0.001390449140308192,nan,nan,nan,nan,nan
296960,0.018674537539482117,0.23447265625,0.2,-6.138173644244671,0.9436516165733337,0.0003,-0.052835188806056976,-0.027437726530479267,0.0011226963095396058,nan,nan,nan,nan,nan
299008,0.01682882383465767,0.19912109375,0.2,-6.1401412189006805,0.94443678855896,0.0003,-0.04069266468286514,-0.018941372906556352,0.0011496041959617286,nan,nan,nan,nan,nan
301056,0.01574581116437912,0.184326171875,0.2,-6.15078434497118,0.8898738026618958,0.0003,-0.017197156324982643,-0.021109667113341855,0.002023918575468997,nan,nan,nan,nan,nan
303104,0.017870601266622543,0.204833984375,0.2,-6.129286277294159,0.9400169849395752,0.0003,-0.019966818392276764,-0.022252337765530684,0.0011042065600122442,nan,nan,nan,nan,nan
305152,0.0194549597799778,0.224462890625,0.2,-6.085384930670261,0.9382326006889343,0.0003,-0.03999146819114685,-0.02373126491875155,0.001126573173496581,nan,nan,nan,nan,nan
307200,0.015121813863515854,0.17177734375,0.2,-6.084154780209064,0.9338160157203674,0.0003,-0.02903612330555916,-0.022853072424186393,0.001376976382380235,nan,nan,nan,nan,nan
309248,0.018053507432341576,0.207275390625,0.2,-6.096883437037468,0.9284600615501404,0.0003,-0.015366490930318832,-0.02308216319506755,0.0013359423384827096,nan,nan,nan,nan,nan
311296,0.016034312546253204,0.20537109375,0.2,-6.085491819679737,0.9041236639022827,0.0003,-0.017973562702536583,-0.022662446051981533,0.001883916460974433,nan,nan,nan,nan,nan
313344,0.01551754679530859,0.205712890625,0.2,-6.074243485927582,0.9436238408088684,0.0003,-0.06086012348532677,-0.025323831920104567,0.0010241505762678571,nan,nan,nan,nan,nan
315392,0.014741195365786552,0.18857421875,0.2,-6.059732706844807,0.9336270093917847,0.0003,-0.02102605439722538,-0.023716534339473582,0.0012330161707723164,nan,nan,nan,nan,nan
317440,0.017505189403891563,0.217333984375,0.2,-6.0403956234455105,0.9251129031181335,0.0003,0.003940043039619923,-0.027467090325080788,0.0010913707245890692,nan,nan,nan,nan,nan
319488,0.017996395006775856,0.215869140625,0.2,-6.000602523982525,0.9490786790847778,0.0003,-0.049758732318878174,-0.027069470708374864,0.0009409692035660556,nan,nan,nan,nan,nan
321536,0.01861383207142353,0.22119140625,0.2,-5.958550673723221,0.9443145394325256,0.0003,-0.004154902417212725,-0.023316300855367445,0.0010699660067075456,nan,nan,nan,nan,nan
323584,0.019778506830334663,0.2076171875,0.2,-5.930545222759247,0.9360936880111694,0.0003,-0.045840345323085785,-0.02287368287652498,0.0011485908996291983,nan,nan,nan,nan,nan
325632,0.02010759897530079,0.228125,0.2,-5.902101218700409,0.922664999961853,0.0003,-0.025652332231402397,-0.023005183709028643,0.0010808003492456919,nan,nan,nan,nan,nan
327680,0.019199663773179054,0.238525390625,0.2,-5.880401356518268,0.9238719940185547,0.0003,0.008274601772427559,-0.026564950446481817,0.0013559011442339397,nan,nan,nan,nan,nan
329728,0.01504034735262394,0.19755859375,0.2,-5.890016734600067,0.9448559284210205,0.0003,-0.03712199628353119,-0.021948252414586023,0.001192762501341349,nan,nan,nan,nan,nan
331776,0.017704712226986885,0.210595703125,0.2,-5.863872368633747,0.9039504528045654,0.0003,-0.0346389003098011,-0.025323755895078646,0.001608443543773319,nan,nan,nan,nan,nan
333824,0.015460165217518806,0.205712890625,0.2,-5.844537222385407,0.9554028511047363,0.0003,-0.05905866250395775,-0.023376045248733136,0.0009033171139890328,nan,nan,nan,nan,nan
335872,0.0209384486079216,0.230615234375,0.2,-5.82091473788023,0.9510123133659363,0.0003,-0.042543262243270874,-0.024660111592675095,0.0010723886316554854,nan,nan,nan,nan,nan
337920,0.017780248075723648,0.2103515625,0.2,-5.786283127963543,0.9450309872627258,0.0003,-0.018917977809906006,-0.024079097853973507,0.0012753996244100562,nan,nan,nan,nan,nan
339968,0.023006286472082138,0.196044921875,0.2,-5.763538692891598,0.7366085648536682,0.0003,-0.03756378963589668,-0.010328856663545594,0.0023372557221591705,nan,nan,nan,nan,nan
342016,0.018652215600013733,0.19326171875,0.2,-5.733034294843674,0.914760410785675,0.0003,-0.028298331424593925,-0.02327506971778348,0.0012534749925180223,nan,nan,nan,nan,nan
344064,0.016457201912999153,0.20341796875,0.2,-5.703912989795208,0.9365112781524658,0.0003,-0.046478308737277985,-0.025085866752488074,0.0012348674828899675,nan,nan,nan,nan,nan
346112,0.01779218763113022,0.200732421875,0.2,-5.691341325640678,0.9577754735946655,0.0003,-0.03365440294146538,-0.01748792832149775,0.0010103214721311816,nan,nan,nan,nan,nan
348160,0.015417980961501598,0.210546875,0.2,-5.671324169635772,0.9211120009422302,0.0003,-0.04434337839484215,-0.020585336306248793,0.0013016944598348346,nan,nan,nan,nan,nan
350208,0.019598914310336113,0.242919921875,0.2,-5.647976475954056,0.9446660280227661,0.0003,0.016910364851355553,-0.026672359097574372,0.0013183034528992722,nan,nan,nan,nan,nan
352256,0.016649167984724045,0.191748046875,0.2,-5.6297617763280865,0.9579497575759888,0.0003,-0.023752788081765175,-0.018168170308490515,0.001056306657028472,nan,nan,nan,nan,nan
354304,0.02353684976696968,0.1916015625,0.2,-5.6235491499304775,0.8055654168128967,0.0003,0.07601471990346909,-0.01668289140507113,0.004013301905615663,nan,nan,nan,nan,nan
356352,0.019040554761886597,0.2060546875,0.2,-5.616507121920586,0.9284782409667969,0.0003,-0.0323369987308979,-0.022403272458177526,0.0015878569527558283,nan,nan,nan,nan,nan
358400,0.019614294171333313,0.228466796875,0.2,-5.593370001018047,0.9172042608261108,0.0003,-0.05273005738854408,-0.02679372764978325,0.0018204138625151245,nan,nan,nan,nan,nan
360448,0.017283152788877487,0.201220703125,0.2,-5.569583234190941,0.9418669939041138,0.0003,-0.013626579195261002,-0.020863284766528524,0.001385826356636244,nan,nan,nan,nan,nan
362496,0.01604694500565529,0.18125,0.2,-5.535389697551727,0.904438853263855,0.0003,-0.040234047919511795,-0.02019490367092658,0.0017092533489631023,nan,nan,nan,nan,nan
364544,0.01943470723927021,0.215673828125,0.2,-5.498203317821026,0.9406805038452148,0.0003,-0.044113293290138245,-0.023870145063847305,0.0011411464001866989,nan,nan,nan,nan,nan
366592,0.01828787848353386,0.21240234375,0.2,-5.452262338995934,0.9447709918022156,0.0003,-0.03133353590965271,-0.022295783106528688,0.0014174407889186113,nan,nan,nan,nan,nan
368640,0.020054716616868973,0.240625,0.2,-5.418342985212803,0.9328582286834717,0.0003,-0.04854173958301544,-0.02752650747424923,0.0011254541954258458,nan,nan,nan,nan,nan
370688,0.019802061840891838,0.22900390625,0.2,-5.409394581615925,0.943092942237854,0.0003,-0.029322149232029915,-0.024958250428608154,0.0012335414610788575,nan,nan,nan,nan,nan
372736,0.018056223168969154,0.209619140625,0.2,-5.406850925087928,0.9447906017303467,0.0003,-0.04284844174981117,-0.017410479129466694,0.001337985205645964,nan,nan,nan,nan,nan
374784,0.0166303887963295,0.203857421875,0.2,-5.406148247420788,0.943271279335022,0.0003,-0.026654213666915894,-0.01981759595364565,0.0011787511894908675,nan,nan,nan,nan,nan
376832,0.01656988263130188,0.205859375,0.2,-5.404202312231064,0.9623386859893799,0.0003,-0.03241129592061043,-0.020775450742803514,0.0008618666831353039,nan,nan,nan,nan,nan
378880,0.016062892973423004,0.182568359375,0.2,-5.367466099560261,0.9447224736213684,0.0003,-0.03841770067811012,-0.019312743010232225,0.0012173643969617843,nan,nan,nan,nan,nan
380928,0.018790315836668015,0.2134765625,0.2,-5.322663091123104,0.9490246176719666,0.0003,-0.04696831852197647,-0.02078884428992751,0.0013114119406964163,nan,nan,nan,nan,nan
382976,0.01771630346775055,0.199853515625,0.2,-5.301270964741707,0.9449675679206848,0.0003,-0.021185049787163734,-0.023623388310079464,0.0014422082367673283,nan,nan,nan,nan,nan
385024,0.02161201275885105,0.231787109375,0.2,-5.287712742388249,0.9472060203552246,0.0003,-0.015802236273884773,-0.025632945742108858,0.0013399739266787946,nan,nan,nan,nan,nan
387072,0.023464534431695938,0.244287109375,0.2,-5.281150956451893,0.9558037519454956,0.0003,-0.04062371701002121,-0.02421829995146254,0.0009927289495863078,nan,nan,nan,nan,nan
389120,0.01936882920563221,0.201123046875,0.2,-5.286508113145828,0.9195517301559448,0.0003,-0.03198859468102455,-0.02023170356696937,0.0015483106779356603,nan,nan,nan,nan,nan
391168,0.01802685111761093,0.218798828125,0.2,-5.272027204930782,0.9470744729042053,0.0003,-0.037274159491062164,-0.023140464515017813,0.001511787985509727,nan,nan,nan,nan,nan
393216,0.018974849954247475,0.22099609375,0.2,-5.2599151968956,0.9416621923446655,0.0003,-0.01736459694802761,-0.0205693343130406,0.0014657531426564673,nan,nan,nan,nan,nan
395264,0.021913902834057808,0.232568359375,0.2,-5.261525245010853,0.8460592031478882,0.0003,0.021339425817131996,-0.017662577799637803,0.003313877915024932,nan,nan,nan,nan,nan
397312,0.018505733460187912,0.220556640625,0.2,-5.272195449471473,0.9090906977653503,0.0003,-0.03452341631054878,-0.02287644090829417,0.0018123658719559899,nan,nan,nan,nan,nan
399360,0.01746225357055664,0.22705078125,0.2,-5.279361140727997,0.9514938592910767,0.0003,-0.06238129734992981,-0.023178114077745705,0.001078453239369992,nan,nan,nan,nan,nan
401408,0.020557550713419914,0.224755859375,0.2,-5.242046637833118,0.9431425333023071,0.0003,-0.033085405826568604,-0.02442610003054142,0.0013289587357576238,nan,nan,nan,nan,nan
403456,0.020055869594216347,0.214208984375,0.2,-5.186441354453564,0.9503487348556519,0.0003,-0.029336517676711082,-0.024165787959645968,0.0011782274650613545,nan,nan,nan,nan,nan
405504,0.018352258950471878,0.2283203125,0.2,-5.164674864709378,0.9479221701622009,0.0003,-0.04054125025868416,-0.025195769043057224,0.0012822865377529525,nan,nan,nan,nan,nan
407552,0.022384796291589737,0.2443359375,0.2,-5.158865617215634,0.9610916376113892,0.0003,-0.03649046644568443,-0.02579859577672323,0.0010853878971829544,nan,nan,nan,nan,nan
409600,0.019609522074460983,0.21591796875,0.2,-5.1698840200901035,0.9519962072372437,0.0003,-0.027702856808900833,-0.023907960037468,0.0013894087710468739,nan,nan,nan,nan,nan
411648,0.017516199499368668,0.221240234375,0.2,-5.179229290783406,0.9498782157897949,0.0003,-0.02146405540406704,-0.02422454934057896,0.001395963523827959,nan,nan,nan,nan,nan
413696,0.018791882321238518,0.1984375,0.2,-5.178687629103661,0.9527101516723633,0.0003,-0.037468321621418,-0.020494860964390682,0.001167096470726392,nan,nan,nan,nan,nan
415744,0.01975203864276409,0.214794921875,0.2,-5.167444421350956,0.9486569166183472,0.0003,-0.006731993053108454,-0.022908266726881267,0.001410377376669203,nan,nan,nan,nan,nan
417792,0.017171557992696762,0.190380859375,0.2,-5.169146586954594,0.9395085573196411,0.0003,-0.03161408752202988,-0.02031180905760266,0.0013599822654214223,nan,nan,nan,nan,nan
419840,0.018967323005199432,0.225146484375,0.2,-5.162333452701569,0.9490204453468323,0.0003,-0.036760784685611725,-0.0241469686923665,0.0011595065004257777,nan,nan,nan,nan,nan
421888,0.01946978084743023,0.2080078125,0.2,-5.14469548612833,0.9494333267211914,0.0003,-0.058360859751701355,-0.025495348983531584,0.0012374810117762535,nan,nan,nan,nan,nan
423936,0.019940996542572975,0.220361328125,0.2,-5.1498720943927765,0.9331485033035278,0.0003,-0.051677919924259186,-0.024947438012168276,0.0015820089924091008,nan,nan,nan,nan,nan
425984,0.018751639872789383,0.205908203125,0.2,-5.146319781243801,0.9425922632217407,0.0003,-0.05400364473462105,-0.023374769985093736,0.0013195515572078874,nan,nan,nan,nan,nan
428032,0.02103305608034134,0.218115234375,0.2,-5.133009167015553,0.9503500461578369,0.0003,-0.006233899854123592,-0.021517599435173906,0.0012994841425097547,nan,nan,nan,nan,nan
430080,0.020000193268060684,0.234912109375,0.2,-5.111055107414723,0.9573435187339783,0.0003,-0.011804427951574326,-0.02764912069105776,0.001087643393111648,nan,nan,nan,nan,nan
432128,0.02069029025733471,0.229052734375,0.2,-5.092535795271397,0.9324299693107605,0.0003,-0.04590863734483719,-0.023947080420475685,0.0011905230264346756,nan,nan,nan,nan,nan
434176,0.020037952810525894,0.246630859375,0.2,-5.072076472640037,0.9425876140594482,0.0003,0.003846466075628996,-0.024332495013368316,0.0012898992292321055,nan,nan,nan,nan,nan
436224,0.02031329832971096,0.236572265625,0.2,-5.077118611335754,0.9505444169044495,0.0003,-0.04991214722394943,-0.02689049456967041,0.001208104128636478,nan,nan,nan,nan,nan
438272,0.023615393787622452,0.244873046875,0.2,-5.0577696964144705,0.9496158957481384,0.0003,-0.02940293587744236,-0.024126178109145257,0.0011262121228355682,nan,nan,nan,nan,nan
440320,0.020032230764627457,0.228759765625,0.2,-5.0324514850974085,0.9627003073692322,0.0003,-0.047484029084444046,-0.021498972826520912,0.0008580303307098802,nan,nan,nan,nan,nan
442368,0.019856508821249008,0.237890625,0.2,-5.031968262791634,0.8643262386322021,0.0003,0.025524765253067017,-0.0219859773904318,0.0023940834225868457,nan,nan,nan,nan,nan
444416,0.0250093936920166,0.250537109375,0.2,-5.041024145483971,0.9432117342948914,0.0003,-0.08374688029289246,-0.029618728515924887,0.0013874929205485386,nan,nan,nan,nan,nan
446464,0.020555492490530014,0.238720703125,0.2,-5.036043424904347,0.9525249004364014,0.0003,-0.04325622692704201,-0.024088206244050524,0.0013571904297350556,nan,nan,nan,nan,nan
448512,0.023292098194360733,0.24599609375,0.2,-5.0217638775706295,0.9386568665504456,0.0003,-0.0654551237821579,-0.026237209350802003,0.001282672807428753,nan,nan,nan,nan,nan
450560,0.018381785601377487,0.21142578125,0.2,-4.970365706086159,0.962652862071991,0.0003,-0.04240364953875542,-0.028231946830055678,0.0010435106990371423,nan,nan,nan,nan,nan
452608,0.02489704079926014,0.246533203125,0.2,-4.925744259357453,0.9531772136688232,0.0003,-0.025371290743350983,-0.023336390595068222,0.0010625605353197897,nan,nan,nan,nan,nan
454656,0.022431999444961548,0.251806640625,0.2,-4.9142325758934025,0.9528734087944031,0.0003,-0.0009393462096340954,-0.026910262543242424,0.001384881769263302,nan,nan,nan,nan,nan
456704,0.022760014981031418,0.240625,0.2,-4.903002789616584,0.952928900718689,0.0003,-0.018609320744872093,-0.023306851441157052,0.0010329165595067025,nan,nan,nan,nan,nan
458752,0.021327853202819824,0.22421875,0.2,-4.864456249773502,0.9587371945381165,0.0003,0.007156700361520052,-0.02342719478838262,0.0012906477379146964,nan,nan,nan,nan,nan
460800,0.021559709683060646,0.24560546875,0.2,-4.83781912624836,0.9651131629943848,0.0003,-0.04399105906486511,-0.023829938472772483,0.001242422319137404,nan,nan,nan,nan,nan
462848,0.019992204383015633,0.24619140625,0.2,-4.822912912070751,0.9644963145256042,0.0003,-0.0009228496346622705,-0.025615825079876232,0.0010561240641436599,nan,nan,nan,nan,nan
464896,0.02115664631128311,0.234765625,0.2,-4.812938590347767,0.9585915803909302,0.0003,-0.07022587209939957,-0.027009305538376792,0.0012051416814756522,nan,nan,nan,nan,nan
466944,0.02112049050629139,0.2349609375,0.2,-4.808272705972195,0.9520060420036316,0.0003,-0.048157669603824615,-0.024541666261211504,0.0013959188769149477,nan,nan,nan,nan,nan
468992,0.02045542001724243,0.244970703125,0.2,-4.797119472920895,0.9567912817001343,0.0003,-0.014956588856875896,-0.028242957992188168,0.0010516860234019987,nan,nan,nan,nan,nan
471040,0.020694687962532043,0.213818359375,0.2,-4.764641503989696,0.9454538226127625,0.0003,-0.0038017891347408295,-0.025057473857305012,0.0012266097768588225,nan,nan,nan,nan,nan
473088,0.04105066508054733,0.253466796875,0.2,-4.7525575324893,0.824943482875824,0.0003,-0.04828919842839241,-0.021715564822079612,0.002893904730262875,nan,nan,nan,nan,nan
475136,0.01974664255976677,0.24833984375,0.2,-4.733929437398911,0.9529629945755005,0.0003,-0.0316220223903656,-0.025813504710095005,0.0013098650885694952,nan,nan,nan,nan,nan
477184,0.023631028831005096,0.237255859375,0.2,-4.7031498610973355,0.9614450335502625,0.0003,-0.024011217057704926,-0.02584245895559434,0.0010023720317803963,nan,nan,nan,nan,nan
479232,0.0195511132478714,0.227734375,0.2,-4.690698401629925,0.9506807923316956,0.0003,-0.04338362440466881,-0.02628291106666438,0.001698227441193012,nan,nan,nan,nan,nan
481280,0.021709397435188293,0.225439453125,0.2,-4.687678919732571,0.9728036522865295,0.0003,-0.03798163682222366,-0.025212713138898835,0.0008937935275753261,nan,nan,nan,nan,nan
483328,0.02169807441532612,0.24873046875,0.2,-4.680751432478428,0.9601503014564514,0.0003,-0.023494873195886612,-0.025190973546705207,0.001072952193499077,nan,nan,nan,nan,nan
485376,0.02290169894695282,0.245654296875,0.2,-4.65298338830471,0.9677475094795227,0.0003,-0.06338778883218765,-0.028615068519138732,0.0010069389554701047,nan,nan,nan,nan,nan
487424,0.030722137540578842,0.243896484375,0.2,-4.623160041868687,0.905217170715332,0.0003,-0.0556962825357914,-0.027264750277390705,0.002856530956341885,nan,nan,nan,nan,nan
489472,0.02385587804019451,0.252392578125,0.2,-4.5973134458065035,0.9455302953720093,0.0003,-0.014585865661501884,-0.024738856658223084,0.0029453909110088716,nan,nan,nan,nan,nan
491520,0.028737440705299377,0.274609375,0.2,-4.5914721801877025,0.9589415192604065,0.0003,-0.05325329676270485,-0.026337076336494646,0.00214667219461262,nan,nan,nan,nan,nan
493568,0.02468956634402275,0.26982421875,0.2,-4.613016639649868,0.9643781781196594,0.0003,-0.03207523003220558,-0.031819779906072654,0.001038671988317219,nan,nan,nan,nan,nan
495616,0.023939626291394234,0.258935546875,0.2,-4.619517686963081,0.9516997337341309,0.0003,-0.02512282133102417,-0.02672073807916604,0.0014103418256127044,nan,nan,nan,nan,nan
497664,0.02434353157877922,0.25283203125,0.2,-4.629582922160625,0.9614208936691284,0.0003,-0.04969309642910957,-0.027641550840053243,0.0012282286457775625,nan,nan,nan,nan,nan
499712,0.02345658652484417,0.253515625,0.2,-4.651994933187962,0.9589387774467468,0.0003,-0.0491177961230278,-0.028689093864522876,0.0012281614644052753,nan,nan,nan,nan,nan
501760,0.01807253062725067,0.2275390625,0.2,-4.664683212339878,0.96015864610672,0.0003,-0.027447698637843132,-0.021761490435164888,0.0011149052979817498,nan,nan,nan,nan,nan
503808,0.01806556060910225,0.233935546875,0.2,-4.663543942570686,0.9520034790039062,0.0003,-0.044804539531469345,-0.020424883815576323,0.001427907146171492,nan,nan,nan,nan,nan
505856,0.022635474801063538,0.26142578125,0.2,-4.660286515951157,0.9638605117797852,0.0003,-0.04765041917562485,-0.030097116765682587,0.001346554051269777,nan,nan,nan,nan,nan
507904,0.02176615409553051,0.255322265625,0.2,-4.652347618341446,0.9652320742607117,0.0003,-0.028077440336346626,-0.027256048160779756,0.0009539536742522615,nan,nan,nan,nan,nan
509952,0.02542685717344284,0.258251953125,0.2,-4.613690854609013,0.949593722820282,0.0003,-0.06151147931814194,-0.026143154213787056,0.0015877335326877073,nan,nan,nan,nan,nan
512000,0.023508939892053604,0.24326171875,0.2,-4.582700249552727,0.9672706723213196,0.0003,-0.03237650915980339,-0.02980804940452799,0.0009483099094723002,nan,nan,nan,nan,nan
514048,0.023673510178923607,0.257763671875,0.2,-4.536752754449845,0.9593203663825989,0.0003,-0.03620857000350952,-0.026671171716589014,0.001268963385882671,nan,nan,nan,nan,nan
516096,0.027190562337636948,0.26015625,0.2,-4.4990073695778845,0.9401389360427856,0.0003,-0.06718748062849045,-0.029533629967772868,0.0019068067269472522,nan,nan,nan,nan,nan
518144,0.019199416041374207,0.22021484375,0.2,-4.486501771211624,0.9529033303260803,0.0003,-0.05498824641108513,-0.023106589150847866,0.0015412875753099797,nan,nan,nan,nan,nan
520192,0.022334309294819832,0.25634765625,0.2,-4.4847099259495735,0.9649813771247864,0.0003,-0.05433190241456032,-0.027245208134991115,0.0010284503902767029,nan,nan,nan,nan,nan
522240,0.02120382711291313,0.232958984375,0.2,-4.484233172237873,0.9573603868484497,0.0003,-0.03915495052933693,-0.023349953826982527,0.0013392499700785264,nan,nan,nan,nan,nan
524288,0.024972479790449142,0.24140625,0.2,-4.489137215912342,0.9638592600822449,0.0003,-0.00489338394254446,-0.026379542563518044,0.0009816428174417523,nan,nan,nan,nan,nan
526336,0.02587283030152321,0.26337890625,0.2,-4.444974090158939,0.9636805057525635,0.0003,-0.0434584878385067,-0.02745559914765181,0.0010259863466671958,nan,nan,nan,nan,nan
528384,0.021781092509627342,0.255224609375,0.2,-4.3950758427381516,0.9502788782119751,0.0003,-0.05685439705848694,-0.02755402877810411,0.0017304447654169052,nan,nan,nan,nan,nan
530432,0.0217779241502285,0.237060546875,0.2,-4.382923600077629,0.9668307304382324,0.0003,-0.02562689036130905,-0.02436864586925367,0.0010427546314531356,nan,nan,nan,nan,nan
532480,0.023576293140649796,0.286865234375,0.2,-4.35877156406641,0.9581913948059082,0.0003,-0.026034735143184662,-0.026631146771251224,0.001274555593590776,nan,nan,nan,nan,nan
534528,0.02458193525671959,0.2650390625,0.2,-4.337404030561447,0.950840950012207,0.0003,-0.06555193662643433,-0.025757209154835436,0.0014341254953251336,nan,nan,nan,nan,nan
536576,0.024652279913425446,0.272314453125,0.2,-4.31913244575262,0.9600235819816589,0.0003,-0.049728021025657654,-0.02660942246147897,0.0012308097446293686,nan,nan,nan,nan,nan
538624,0.024260686710476875,0.2708984375,0.2,-4.327047535777092,0.9677641987800598,0.0003,-0.041715357452631,-0.029778642435849177,0.001146249632074614,nan,nan,nan,nan,nan
540672,0.033373769372701645,0.2798828125,0.2,-4.313526353240013,0.920062243938446,0.0003,-0.050672728568315506,-0.02235884154215455,0.003227488928860112,nan,nan,nan,nan,nan
542720,0.02649696171283722,0.257568359375,0.2,-4.266648156940937,0.9248382449150085,0.0003,-0.046609729528427124,-0.023663652648974676,0.0016318039382895223,nan,nan,nan,nan,nan
544768,0.02387760393321514,0.25048828125,0.2,-4.248725900053978,0.9507765173912048,0.0003,-0.04110991954803467,-0.02468546072486788,0.001220303017544211,nan,nan,nan,nan,nan
546816,0.021982617676258087,0.269775390625,0.2,-4.2175128445029255,0.9604486227035522,0.0003,-0.03517790883779526,-0.03038819706416689,0.0014305151901680801,nan,nan,nan,nan,nan
548864,0.034627582877874374,0.29248046875,0.2,-4.194376863539219,0.9133306741714478,0.0003,-0.044501591473817825,-0.03091861527354922,0.005109031883876014,nan,nan,nan,nan,nan
550912,0.025697488337755203,0.27314453125,0.2,-4.1912821844220165,0.9429441094398499,0.0003,-0.06486346572637558,-0.031384967296617106,0.001897510122944368,nan,nan,nan,nan,nan
552960,0.029144736006855965,0.27900390625,0.2,-4.167810745537281,0.9406227469444275,0.0003,-0.03172926604747772,-0.02087369326472981,0.004845471723456285,nan,nan,nan,nan,nan
555008,0.027747634798288345,0.262548828125,0.2,-4.140516620874405,0.9569308161735535,0.0003,-0.046656765043735504,-0.027692755876341835,0.0018999212325070403,nan,nan,nan,nan,nan
557056,0.025044046342372894,0.272412109375,0.2,-4.1329022467136385,0.9465034604072571,0.0003,-0.0704173743724823,-0.03287867368198931,0.0017742832342264592,nan,nan,nan,nan,nan
559104,0.024043936282396317,0.280029296875,0.2,-4.138134688138962,0.9467118978500366,0.0003,-0.018367750570178032,-0.028724483906989916,0.0019556566197934445,nan,nan,nan,nan,nan
561152,0.026882853358983994,0.2626953125,0.2,-4.1376929700374605,0.9184855818748474,0.0003,-0.04773728922009468,-0.021358591623720714,0.010660313550761202,nan,nan,nan,nan,nan
563200,0.02791927196085453,0.2888671875,0.2,-4.12711965739727,0.9479147791862488,0.0003,-0.03168318420648575,-0.02065865311669768,0.011864704800245818,nan,nan,nan,nan,nan
565248,0.028039604425430298,0.28037109375,0.2,-4.125610400736332,0.9637220501899719,0.0003,-0.052663978189229965,-0.0233617508187308,0.00639616685002693,nan,nan,nan,nan,nan
567296,0.027930710464715958,0.28662109375,0.2,-4.097002092003822,0.8475801944732666,0.0003,-0.042957380414009094,-0.025839612419804325,0.003198678673652466,nan,nan,nan,nan,nan
569344,0.027443652972579002,0.247021484375,0.2,-4.100668168067932,0.9323757886886597,0.0003,-0.06282021105289459,-0.022310591109999223,0.017395087151817278,nan,nan,nan,nan,nan
571392,0.023894889280200005,0.265185546875,0.2,-4.088241238892079,0.9136409759521484,0.0003,-0.06499791145324707,-0.02816183883260237,0.0023586045575939353,nan,nan,nan,nan,nan
573440,0.028492670506238937,0.27666015625,0.2,-4.093860287964344,0.9470404982566833,0.0003,-0.04542364180088043,-0.02243024685594719,0.00926562145104981,nan,nan,nan,nan,nan
575488,0.02616206184029579,0.26201171875,0.2,-4.077422305941582,0.9320953488349915,0.0003,-0.061116598546504974,-0.027815390127943828,0.00200746041846287,nan,nan,nan,nan,nan
577536,0.025737019255757332,0.264794921875,0.2,-4.05905839651823,0.917639970779419,0.0003,-0.04646681249141693,-0.018602391352760605,0.007985797810397344,nan,nan,nan,nan,nan
579584,0.023673631250858307,0.251953125,0.2,-4.062446001172066,0.9445368051528931,0.0003,-0.03260750323534012,-0.023591912615665935,0.0019851802489938564,nan,nan,nan,nan,nan
581632,0.02869345434010029,0.291845703125,0.2,-4.047170971333981,0.8909405469894409,0.0003,-0.03636641427874565,-0.01829799125116551,0.013430056272045476,nan,nan,nan,nan,nan
583680,0.02584080956876278,0.288818359375,0.2,-4.029093539714813,0.8329276442527771,0.0003,-0.0450989305973053,-0.024097603710833936,0.003894476588538964,nan,nan,nan,nan,nan
585728,0.028030365705490112,0.30595703125,0.2,-4.038161668181419,0.9502626061439514,0.0003,-0.040170736610889435,-0.022988651315972674,0.006199004650625284,nan,nan,nan,nan,nan
587776,0.02538638934493065,0.26650390625,0.2,-4.05531632900238,0.896759033203125,0.0003,-0.031479232013225555,-0.02319632207363611,0.0023497415761084993,nan,nan,nan,nan,nan
589824,0.026510683819651604,0.26767578125,0.2,-4.067777322232724,0.945374071598053,0.0003,-0.02061953768134117,-0.018622749306086917,0.004114123291947181,nan,nan,nan,nan,nan
591872,0.027699876576662064,0.28603515625,0.2,-4.067095914483071,0.8667796850204468,0.0003,-0.016056936234235764,-0.023770362035429572,0.002823398083637585,nan,nan,nan,nan,nan
593920,0.028965715318918228,0.2912109375,0.2,-4.032601177692413,0.9206106066703796,0.0003,-0.026559365913271904,-0.03301545436261222,0.0022543723907801905,nan,nan,nan,nan,nan
595968,0.03261670097708702,0.283544921875,0.2,-4.030892494320869,0.8995848894119263,0.0003,-0.05473949760198593,-0.019957745748979506,0.010115427416894817,nan,nan,nan,nan,nan
598016,0.02399895340204239,0.27509765625,0.2,-4.043144647777081,0.9437914490699768,0.0003,-0.038806114345788956,-0.025816579643287697,0.002311651792297198,nan,nan,nan,nan,nan
600064,0.0282417144626379,0.278759765625,0.2,-4.036471340060234,0.9430598020553589,0.0003,-0.054638732224702835,-0.03138637364318129,0.002111147159121174,nan,nan,nan,nan,nan
602112,0.025220517069101334,0.281103515625,0.2,-4.01380613297224,0.7983037233352661,0.0003,-0.038784272968769073,-0.026355480529309715,0.004361209089984186,nan,nan,nan,nan,nan
604160,0.027267564088106155,0.27265625,0.2,-4.001975921541453,0.9352731704711914,0.0003,-0.05234896391630173,-0.029809420929814222,0.0024425145544228143,nan,nan,nan,nan,nan
606208,0.023923063650727272,0.272216796875,0.2,-3.996620899438858,0.9618653059005737,0.0003,-0.05339880287647247,-0.029853705546702258,0.0016560789385039244,nan,nan,nan,nan,nan
608256,0.033384811133146286,0.29091796875,0.2,-4.016476026177406,0.9485318660736084,0.0003,-0.06305278092622757,-0.023529229608539027,0.003779977593148942,nan,nan,nan,nan,nan
610304,0.02432282641530037,0.252099609375,0.2,-4.030192635953426,0.964329183101654,0.0003,-0.03411898761987686,-0.02578121469996404,0.0015908187901004568,nan,nan,nan,nan,nan
612352,0.03128274530172348,0.293798828125,0.2,-4.026879040896892,0.9625927209854126,0.0003,0.019240349531173706,-0.034760895317594985,0.001537107798139914,nan,nan,nan,nan,nan
614400,0.028513500466942787,0.284912109375,0.2,-4.002344349771738,0.9629557728767395,0.0003,-0.048996005207300186,-0.03176470323669491,0.001788596872574999,nan,nan,nan,nan,nan
616448,0.02400066889822483,0.2587890625,0.2,-3.997029718756676,0.9547284245491028,0.0003,-0.058599621057510376,-0.025186885466973764,0.004634094218636165,nan,nan,nan,nan,nan
618496,0.03001195751130581,0.295751953125,0.2,-4.005608899146319,0.9561333656311035,0.0003,-0.02898842841386795,-0.030659786879550666,0.0015822333354662988,nan,nan,nan,nan,nan
620544,0.02529003843665123,0.26015625,0.2,-4.002353116124868,0.9332976341247559,0.0003,-0.0338936410844326,-0.02656674154350185,0.0022674081827062766,nan,nan,nan,nan,nan
622592,0.02459460124373436,0.272314453125,0.2,-3.9724474057555197,0.9552828073501587,0.0003,-0.057789649814367294,-0.031136308527493384,0.0018229663992315182,nan,nan,nan,nan,nan
624640,0.02496475540101528,0.277880859375,0.2,-3.9392160892486574,0.9616318941116333,0.0003,-0.02655871957540512,-0.02655538099934347,0.0014631415962867323,nan,nan,nan,nan,nan
626688,0.026843152940273285,0.264306640625,0.2,-3.9185040175914763,0.9572892189025879,0.0003,-0.040333718061447144,-0.02846627438411815,0.0016551867220186978,nan,nan,nan,nan,nan
628736,0.02960536628961563,0.273876953125,0.2,-3.8981207855045796,0.9678393602371216,0.0003,-0.0396527498960495,-0.03037050559942145,0.0011710455569300393,nan,nan,nan,nan,nan
630784,0.029748953878879547,0.27275390625,0.2,-3.881145606935024,0.970592200756073,0.0003,-0.02998705580830574,-0.027261874111718497,0.0014192301641742233,nan,nan,nan,nan,nan
632832,0.026497820392251015,0.28603515625,0.2,-3.887358458340168,0.9643782377243042,0.0003,-0.049758926033973694,-0.02922163801122224,0.001405929451357224,nan,nan,nan,nan,nan
634880,0.024913175031542778,0.274267578125,0.2,-3.8668479658663273,0.9706464409828186,0.0003,-0.0517183318734169,-0.029326555937586818,0.0013942513665824662,nan,nan,nan,nan,nan
636928,0.025957293808460236,0.286376953125,0.2,-3.8442664712667467,0.9501423835754395,0.0003,-0.028208481147885323,-0.026872073566482867,0.0022427220377721825,nan,nan,nan,nan,nan
638976,0.029520612210035324,0.297265625,0.2,-3.808425837755203,0.8783130645751953,0.0003,-0.010116267949342728,-0.0174406254227506,0.008648568909848109,nan,nan,nan,nan,nan
641024,0.02914854884147644,0.292138671875,0.2,-3.7722438111901284,0.9511814117431641,0.0003,-0.06053754687309265,-0.03244434249500046,0.001965727948845597,nan,nan,nan,nan,nan
643072,0.02742103673517704,0.298583984375,0.2,-3.7404093854129314,0.9605789184570312,0.0003,-0.045789290219545364,-0.02810549279092811,0.0017030759558110732,nan,nan,nan,nan,nan
645120,0.029710110276937485,0.320654296875,0.2,-3.704336827248335,0.943187952041626,0.0003,-0.035228583961725235,-0.02659797677115421,0.0035888285834516863,nan,nan,nan,nan,nan
647168,0.031262852251529694,0.306201171875,0.2,-3.655761905014515,0.9547295570373535,0.0003,-0.04011029377579689,-0.032379699374723715,0.001751508887809905,nan,nan,nan,nan,nan
649216,0.029742233455181122,0.289404296875,0.2,-3.632281418889761,0.9418554902076721,0.0003,-0.021993648260831833,-0.02774842205835739,0.0019764759237659744,nan,nan,nan,nan,nan
651264,0.032410863786935806,0.30849609375,0.2,-3.6112069390714168,0.940549373626709,0.0003,-0.0302329920232296,-0.02142646137945121,0.0034295719904548607,nan,nan,nan,nan,nan
653312,0.03121296316385269,0.307080078125,0.2,-3.5669709481298923,0.9581326246261597,0.0003,-0.04918517917394638,-0.03361674535262864,0.001924679701005516,nan,nan,nan,nan,nan
655360,0.026024555787444115,0.260595703125,0.2,-3.5076514691114427,0.954391598701477,0.0003,0.004393376875668764,-0.019693872820062096,0.0018150414751289645,nan,nan,nan,nan,nan
657408,0.02713138237595558,0.293798828125,0.2,-3.4589348666369917,0.9720563292503357,0.0003,-0.03806443139910698,-0.02805666583153652,0.0013814638567055226,nan,nan,nan,nan,nan
659456,0.03475847840309143,0.2923828125,0.2,-3.4410568185150625,0.9398353695869446,0.0003,-0.015501877292990685,-0.027594911739288363,0.002214258930325741,nan,nan,nan,nan,nan
661504,0.025647355243563652,0.278564453125,0.2,-3.431951128691435,0.9575085639953613,0.0003,-0.056108806282281876,-0.030316967924591154,0.0019195895394659602,nan,nan,nan,nan,nan
663552,0.026348581537604332,0.286279296875,0.2,-3.4291372910141944,0.952448844909668,0.0003,-0.062393609434366226,-0.027235191603540442,0.0021218914471319295,nan,nan,nan,nan,nan
665600,0.02792626991868019,0.2806640625,0.2,-3.4181181348860266,0.9678993225097656,0.0003,-0.02306470088660717,-0.026571780251106247,0.0017703626628644998,nan,nan,nan,nan,nan
667648,0.02967045269906521,0.2994140625,0.2,-3.4063616380095483,0.9614179134368896,0.0003,0.0013710747007280588,-0.026079739315900952,0.0022042943577616826,nan,nan,nan,nan,nan
669696,0.026592940092086792,0.2681640625,0.2,-3.381668170541525,0.9719905257225037,0.0003,-0.04695111885666847,-0.026878288328589406,0.0014796983770793304,nan,nan,nan,nan,nan
671744,0.029819142073392868,0.28310546875,0.2,-3.3355149872601033,0.9671143889427185,0.0003,-0.04075177386403084,-0.02718082226201659,0.0017571345040778396,nan,nan,nan,nan,nan
673792,0.02719474583864212,0.294580078125,0.2,-3.3204159796237946,0.9710266590118408,0.0003,-0.03304370120167732,-0.02767348811030388,0.001562444665523799,nan,nan,nan,nan,nan
675840,0.031995989382267,0.310595703125,0.2,-3.314395096898079,0.9349071383476257,0.0003,-0.029758628457784653,-0.0263861136889318,0.0026190174043222215,nan,nan,nan,nan,nan
677888,0.03299466893076897,0.323095703125,0.2,-3.2933702647686003,0.9715705513954163,0.0003,-0.023198330774903297,-0.029531029670033605,0.0013588033763880958,nan,nan,nan,nan,nan
679936,0.027707546949386597,0.286767578125,0.2,-3.2939905233681204,0.9658319354057312,0.0003,-0.03737730160355568,-0.030277177080279216,0.001318120086034469,nan,nan,nan,nan,nan
681984,0.026390600949525833,0.274462890625,0.2,-3.277757687866688,0.9736864566802979,0.0003,-0.021695278584957123,-0.02273715884948615,0.0011613214450335364,nan,nan,nan,nan,nan
684032,0.030699223279953003,0.32236328125,0.2,-3.2971355877816677,0.9695838093757629,0.0003,-0.061094872653484344,-0.028852713250671513,0.0016035033007028687,nan,nan,nan,nan,nan
686080,0.028530364856123924,0.292041015625,0.2,-3.288340502977371,0.9692128896713257,0.0003,-0.018953422084450722,-0.02675213687471114,0.0013101480464683846,nan,nan,nan,nan,nan
688128,0.030637580901384354,0.29560546875,0.2,-3.2861155733466147,0.9811755418777466,0.0003,-0.02890453301370144,-0.025895634009793868,0.0010071786224216338,nan,nan,nan,nan,nan
690176,0.03456190600991249,0.32724609375,0.2,-3.291289356350899,0.8762075901031494,0.0003,-0.02710174210369587,-0.030428457770904062,0.004539229040892679,nan,nan,nan,nan,nan
692224,0.02955884486436844,0.290625,0.2,-3.2662054233253004,0.9488100409507751,0.0003,-0.05578264594078064,-0.027071014810644556,0.0020596284746716266,nan,nan,nan,nan,nan
694272,0.030825376510620117,0.290478515625,0.2,-3.279438869655132,0.9675154089927673,0.0003,-0.05714213475584984,-0.026428247199510223,0.0014304301917945849,nan,nan,nan,nan,nan
696320,0.02887173369526863,0.294384765625,0.2,-3.2930152751505375,0.9658447504043579,0.0003,-0.018558422103524208,-0.029450441080552992,0.0016381789591832785,nan,nan,nan,nan,nan
698368,0.041490353643894196,0.331201171875,0.2,-3.2784128107130526,0.7060695886611938,0.0003,-0.05081212520599365,-0.03937355937960092,0.03665486370882718,nan,nan,nan,nan,nan
700416,0.029586102813482285,0.29873046875,0.2,-3.2452114835381507,0.908351480960846,0.0003,-0.053455203771591187,-0.027462664621998555,0.003406099454878131,nan,nan,nan,nan,nan
702464,0.030913354828953743,0.29580078125,0.2,-3.2351124338805675,0.9481327533721924,0.0003,-0.04715968668460846,-0.029865111455728767,0.0027724959665647473,nan,nan,nan,nan,nan
704512,0.037686921656131744,0.300830078125,0.2,-3.238200733065605,0.8893980383872986,0.0003,-0.04001868888735771,-0.029385204309073744,0.014333490895296563,nan,nan,nan,nan,nan
706560,0.028887970373034477,0.299365234375,0.2,-3.225843033194542,0.9457759857177734,0.0003,-0.050313692539930344,-0.0278490665674326,0.002507805278582964,nan,nan,nan,nan,nan
708608,0.03149297088384628,0.298193359375,0.2,-3.208219785988331,0.959597110748291,0.0003,-0.042407210916280746,-0.030253799172351138,0.002159101417964848,nan,nan,nan,nan,nan
710656,0.03143665939569473,0.290380859375,0.2,-3.208017060905695,0.9604824185371399,0.0003,-0.01728655770421028,-0.03136047207080992,0.0020151862321654336,nan,nan,nan,nan,nan
712704,0.030129797756671906,0.277099609375,0.2,-3.195522151887417,0.9648334383964539,0.0003,-0.031239135190844536,-0.02915527775767259,0.0020890280578896637,nan,nan,nan,nan,nan
714752,0.028880104422569275,0.311767578125,0.2,-3.1787468560039995,0.9713799357414246,0.0003,-0.07875286042690277,-0.028380644327262415,0.0015518945918302051,nan,nan,nan,nan,nan
716800,0.029624592512845993,0.289599609375,0.2,-3.188200405240059,0.9615515470504761,0.0003,-0.0538579486310482,-0.027056019055089565,0.002070727067439293,nan,nan,nan,nan,nan
718848,0.027323121204972267,0.30498046875,0.2,-3.1858602322638037,0.973017692565918,0.0003,-0.05056992173194885,-0.030979104187281337,0.0014409087136300514,nan,nan,nan,nan,nan
720896,0.03170779347419739,0.334423828125,0.2,-3.1448684588074682,0.9645192623138428,0.0003,-0.09008558839559555,-0.030676437399233692,0.0018216017213489976,nan,nan,nan,nan,nan
722944,0.029684465378522873,0.295654296875,0.2,-3.107500670850277,0.9665035605430603,0.0003,-0.056440338492393494,-0.027782652660971508,0.0020259388867998494,nan,nan,nan,nan,nan
724992,0.039369575679302216,0.31982421875,0.2,-3.105993550270796,0.8996821045875549,0.0003,-0.04210054501891136,-0.029759068647399543,0.04765439129259903,nan,nan,nan,nan,nan
727040,0.033267825841903687,0.339013671875,0.2,-3.091274406760931,0.8943649530410767,0.0003,-0.06615538895130157,-0.031309605670685414,0.002584247816230345,nan,nan,nan,nan,nan
729088,0.03323769569396973,0.3341796875,0.2,-3.049840234965086,0.9426653981208801,0.0003,-0.03153000771999359,-0.03345013319776626,0.0023265791171070303,nan,nan,nan,nan,nan
731136,0.03133818507194519,0.30830078125,0.2,-3.0261076509952547,0.9313849806785583,0.0003,-0.03918982297182083,-0.02747738938051043,0.0032205462634010474,nan,nan,nan,nan,nan
733184,0.02794920653104782,0.2998046875,0.2,-3.00105554908514,0.9656599164009094,0.0003,-0.01993088237941265,-0.0277996460943541,0.0017108752381318482,nan,nan,nan,nan,nan
735232,0.0324343666434288,0.308447265625,0.2,-2.971308760344982,0.966299831867218,0.0003,-0.05488074943423271,-0.029736486804904417,0.001762055417384545,nan,nan,nan,nan,nan
737280,0.03416683152318001,0.32314453125,0.2,-2.9394182473421098,0.9684587717056274,0.0003,-0.03432432934641838,-0.031173241000215058,0.0016576538379013072,nan,nan,nan,nan,nan
739328,0.03198258578777313,0.319287109375,0.2,-2.9261056639254095,0.9752703309059143,0.0003,-0.0671296939253807,-0.03232557049777825,0.0011513535576341382,nan,nan,nan,nan,nan
741376,0.027516834437847137,0.301513671875,0.2,-2.9351949013769625,0.9743643403053284,0.0003,-0.029127737507224083,-0.02559632565244101,0.001321471552910225,nan,nan,nan,nan,nan
743424,0.03889317438006401,0.32392578125,0.2,-2.935138712078333,0.8945993185043335,0.0003,-0.034770991653203964,-0.02609907787409611,0.004423937060710159,nan,nan,nan,nan,nan
745472,0.03761257976293564,0.32353515625,0.2,-2.922489383071661,0.8963573575019836,0.0003,-0.05126473307609558,-0.028872385388240218,0.018626916517678182,nan,nan,nan,nan,nan
747520,0.03057735040783882,0.310595703125,0.2,-2.914979740232229,0.9164272546768188,0.0003,-0.047938186675310135,-0.030657103526755235,0.0026231029032715014,nan,nan,nan,nan,nan
749568,0.03870115056633949,0.3359375,0.2,-2.926305685937405,0.930994987487793,0.0003,-0.02914072573184967,-0.03106017485115444,0.0030488137883367015,nan,nan,nan,nan,nan
751616,0.03110671229660511,0.328955078125,0.2,-2.9186933167278766,0.9609039425849915,0.0003,-0.025270242244005203,-0.02740137031505583,0.0024048087749179103,nan,nan,nan,nan,nan
753664,0.033996909856796265,0.33125,0.2,-2.8946772895753385,0.9670133590698242,0.0003,-0.05023088678717613,-0.03317228531668661,0.001623916466451192,nan,nan,nan,nan,nan
755712,0.029414072632789612,0.299365234375,0.2,-2.8951701901853086,0.9669527411460876,0.0003,-0.03572414815425873,-0.023316125475685113,0.0022564175611478276,nan,nan,nan,nan,nan
757760,0.037749033421278,0.3025390625,0.2,-2.9146238923072816,0.9177297353744507,0.0003,-0.05746423453092575,-0.032485233722400156,0.014574385822925251,nan,nan,nan,nan,nan
759808,0.031568028032779694,0.3099609375,0.2,-2.904665129631758,0.9572297930717468,0.0003,-0.06720983237028122,-0.02687405991455307,0.002147355351553415,nan,nan,nan,nan,nan
761856,0.03109794668853283,0.32802734375,0.2,-2.901082243770361,0.9628974199295044,0.0003,-0.029411815106868744,-0.027617145056137816,0.0017250536884603207,nan,nan,nan,nan,nan
763904,0.037342317402362823,0.331005859375,0.2,-2.894318949431181,0.9564869999885559,0.0003,-0.04101944342255592,-0.027871281484840436,0.002471446664458199,nan,nan,nan,nan,nan
765952,0.036845944821834564,0.330810546875,0.2,-2.8773152239620687,0.9220489859580994,0.0003,-0.03716985881328583,-0.031094192256568932,0.04536474958586041,nan,nan,nan,nan,nan
768000,0.03697909787297249,0.325390625,0.2,-2.8402163207530977,0.8909530639648438,0.0003,-0.06269094347953796,-0.029568553942954167,0.0034655415402085055,nan,nan,nan,nan,nan
770048,0.03100053034722805,0.3291015625,0.2,-2.810609279572964,0.9579359292984009,0.0003,-0.048407722264528275,-0.033123468224948736,0.0023039416104438716,nan,nan,nan,nan,nan
772096,0.031099697574973106,0.30302734375,0.2,-2.8018366642296315,0.8998982906341553,0.0003,-0.050697777420282364,-0.019648417006101225,0.010132502458873205,nan,nan,nan,nan,nan
774144,0.03465829789638519,0.3416015625,0.2,-2.7604450613260267,0.952610433101654,0.0003,-0.023173147812485695,-0.029140539380023256,0.0026739869914308655,nan,nan,nan,nan,nan
776192,0.03451351821422577,0.320703125,0.2,-2.7344078682363033,0.9108642935752869,0.0003,-0.04881343990564346,-0.030137708489928628,0.005163803677714895,nan,nan,nan,nan,nan
778240,0.036047518253326416,0.27998046875,0.2,-2.725465217232704,0.9313521385192871,0.0003,-0.058977000415325165,-0.02170211856428068,0.008755809069407405,nan,nan,nan,nan,nan
780288,0.03583700582385063,0.3138671875,0.2,-2.7128575764596463,0.9052833914756775,0.0003,-0.030507367104291916,-0.032340304233366625,0.04227854801574722,nan,nan,nan,nan,nan
782336,0.03746696561574936,0.332275390625,0.2,-2.689377173781395,0.9160298705101013,0.0003,-0.0494907908141613,-0.033380544125975575,0.0030239355028243153,nan,nan,nan,nan,nan
784384,0.03094891458749771,0.317041015625,0.2,-2.6831207893788815,0.936682939529419,0.0003,-0.04107458516955376,-0.028854703492834234,0.0035570449337683384,nan,nan,nan,nan,nan
786432,0.027254542335867882,0.326220703125,0.2,-2.6949641585350035,0.9657788276672363,0.0003,-0.03250673785805702,-0.03169309396325844,0.0020111139743676175,nan,nan,nan,nan,nan
788480,0.03207456320524216,0.33603515625,0.2,-2.6798277236521244,0.9587809443473816,0.0003,-0.04168318212032318,-0.0316897812532261,0.002385821200914506,nan,nan,nan,nan,nan
790528,0.04389846324920654,0.37158203125,0.2,-2.651768282055855,0.9062967896461487,0.0003,0.017680451273918152,-0.02265465548989596,0.007431854293463403,nan,nan,nan,nan,nan
792576,0.032682694494724274,0.34970703125,0.2,-2.635789483040571,0.9501065611839294,0.0003,-0.04503359645605087,-0.030844147450989113,0.002508114384727378,nan,nan,nan,nan,nan
794624,0.04013443738222122,0.3337890625,0.2,-2.627543766796589,0.8944578766822815,0.0003,0.01505677867680788,-0.01757477202336304,0.00373461501840211,nan,nan,nan,nan,nan
796672,0.0372399166226387,0.333056640625,0.2,-2.6132079303264617,0.9322370290756226,0.0003,-0.04277466610074043,-0.031914818288350945,0.00356350144429598,nan,nan,nan,nan,nan
798720,0.033952876925468445,0.331005859375,0.2,-2.581266491860151,0.9566803574562073,0.0003,-0.03168677166104317,-0.03160724532062886,0.002681366500110016,nan,nan,nan,nan,nan
800768,0.03865651786327362,0.326513671875,0.2,-2.5558881908655167,0.9315847754478455,0.0003,-0.0503227561712265,-0.02149403069051914,0.004346262706894777,nan,nan,nan,nan,nan
802816,0.03254837542772293,0.324267578125,0.2,-2.5308004319667816,0.948824942111969,0.0003,-0.034217555075883865,-0.02678707874729298,0.0026567844368400985,nan,nan,nan,nan,nan
804864,0.031304601579904556,0.316748046875,0.2,-2.485881722718477,0.9585831165313721,0.0003,-0.048787519335746765,-0.02736479305604007,0.0016983028255708632,nan,nan,nan,nan,nan
806912,0.037290118634700775,0.359375,0.2,-2.4738130740821362,0.971970796585083,0.0003,-0.04138382896780968,-0.03276491862052353,0.0015405819651277853,nan,nan,nan,nan,nan
808960,0.04037025570869446,0.340966796875,0.2,-2.4555740378797055,0.9185053706169128,0.0003,-0.03303828835487366,-0.02904292879393324,0.002448248035398137,nan,nan,nan,nan,nan
811008,0.03735937923192978,0.334619140625,0.2,-2.4284196607768536,0.9406600594520569,0.0003,-0.046581484377384186,-0.027768896923225837,0.0035358816810912687,nan,nan,nan,nan,nan
813056,0.03655875846743584,0.349169921875,0.2,-2.4171521209180353,0.964695930480957,0.0003,-0.048284728080034256,-0.033006488370301665,0.0020352745759737445,nan,nan,nan,nan,nan
815104,0.03657953441143036,0.32119140625,0.2,-2.390507642924786,0.9697965979576111,0.0003,-0.0289909765124321,-0.026046911353478207,0.001636295904245344,nan,nan,nan,nan,nan
817152,0.038835689425468445,0.336669921875,0.2,-2.3537668474018574,0.9579343795776367,0.0003,-0.04802112281322479,-0.024805562196706887,0.0024930015024438035,nan,nan,nan,nan,nan
819200,0.03493060544133186,0.343994140625,0.2,-2.363204738497734,0.9642376899719238,0.0003,-0.024128874763846397,-0.027737691008951515,0.0019677735959703568,nan,nan,nan,nan,nan
821248,0.05927947908639908,0.35009765625,0.2,-2.382525213062763,0.9105904698371887,0.0003,-0.03176817297935486,-0.02435884316873853,0.0029642264009453355,nan,nan,nan,nan,nan
823296,0.04605311155319214,0.345458984375,0.2,-2.361178465932608,0.8513055443763733,0.0003,-0.06296324729919434,-0.035239380747952964,0.00784159393660957,nan,nan,nan,nan,nan
825344,0.04328399896621704,0.345166015625,0.2,-2.3300945915281774,0.9288390874862671,0.0003,-0.041693102568387985,-0.029679861977638212,0.008726879923051456,nan,nan,nan,nan,nan
827392,0.03738086670637131,0.357861328125,0.2,-2.2912971526384354,0.939264178276062,0.0003,-0.04602130502462387,-0.021908245322993024,0.00417967304456397,nan,nan,nan,nan,nan
829440,0.03471383452415466,0.3513671875,0.2,-2.272926189005375,0.9269555807113647,0.0003,0.05209922417998314,-0.019896610452269668,0.015001849536929512,nan,nan,nan,nan,nan
831488,0.045063380151987076,0.362548828125,0.2,-2.2721885666251183,0.961060643196106,0.0003,-0.03503255173563957,-0.021695944432576653,0.00716905177650915,nan,nan,nan,nan,nan
833536,0.04363991692662239,0.3431640625,0.2,-2.278648399561644,0.9000465869903564,0.0003,-0.0454254150390625,-0.02297283074585721,0.009757787345370162,nan,nan,nan,nan,nan
835584,0.0340590626001358,0.356787109375,0.2,-2.251414969563484,0.9463232159614563,0.0003,-0.06463583558797836,-0.02772864608996315,0.001980245705271955,nan,nan,nan,nan,nan
837632,0.03370613604784012,0.33955078125,0.2,-2.2498665124177935,0.9689438939094543,0.0003,-0.019246742129325867,-0.02676385764207225,0.0016250997916358756,nan,nan,nan,nan,nan
839680,0.03931561857461929,0.350830078125,0.2,-2.244746956974268,0.9780633449554443,0.0003,-0.021957919001579285,-0.02237265030707931,0.0013789057906251402,nan,nan,nan,nan,nan
841728,0.050656259059906006,0.351171875,0.2,-2.2522140190005304,0.9517849087715149,0.0003,-0.04671921208500862,-0.030007133053732104,0.003769469286635285,nan,nan,nan,nan,nan
843776,0.042327843606472015,0.370703125,0.2,-2.2222082428634167,0.9565232396125793,0.0003,-0.04637475311756134,-0.023745130198221887,0.001793936868853052,nan,nan,nan,nan,nan
845824,0.032267361879348755,0.35126953125,0.2,-2.2014344193041326,0.9659062623977661,0.0003,-0.05644762143492699,-0.028777319403889123,0.0018013127441008693,nan,nan,nan,nan,nan
847872,0.04465664178133011,0.374951171875,0.2,-2.1716496147215367,0.9618235230445862,0.0003,-0.06453410536050797,-0.032283567015838344,0.002233404772960057,nan,nan,nan,nan,nan
849920,0.05204574018716812,0.364990234375,0.2,-2.1504851035773753,0.9358956217765808,0.0003,-0.0214854683727026,-0.0269699322845554,0.006141281532109133,nan,nan,nan,nan,nan
851968,0.03971695154905319,0.344384765625,0.2,-2.093895650655031,0.9699501991271973,0.0003,-0.07765448838472366,-0.031377362459897994,0.0013469273664668436,nan,nan,nan,nan,nan
854016,0.03505475074052811,0.36767578125,0.2,-2.0319447755813598,0.9643889665603638,0.0003,-0.06149318069219589,-0.024189590799505823,0.0025691543474749778,nan,nan,nan,nan,nan
856064,0.052834734320640564,0.35322265625,0.2,-1.9986060835421084,0.9631121158599854,0.0003,-0.0329911932349205,-0.028917138671386056,0.004341308551374823,nan,nan,nan,nan,nan
858112,0.04091142490506172,0.346728515625,0.2,-1.97561888769269,0.9578267335891724,0.0003,-0.03637469559907913,-0.03093905599671416,0.001758002878887055,nan,nan,nan,nan,nan
860160,0.04137583076953888,0.36201171875,0.2,-1.9551731869578362,0.9623854756355286,0.0003,-0.020115895196795464,-0.03156028855446493,0.001641919624307775,nan,nan,nan,nan,nan
862208,0.04121749848127365,0.368701171875,0.2,-1.9390230782330036,0.9720901846885681,0.0003,-0.017287500202655792,-0.02459907765733078,0.0016434814824606292,nan,nan,nan,nan,nan
864256,0.04057171568274498,0.362451171875,0.2,-1.9187631633132696,0.9730526804924011,0.0003,-0.04835733771324158,-0.03372994064993691,0.0016603080939603387,nan,nan,nan,nan,nan
866304,0.03960566595196724,0.35595703125,0.2,-1.9200941171497106,0.9776691794395447,0.0003,-0.07197201997041702,-0.031528984392934944,0.0012352266043308192,nan,nan,nan,nan,nan
868352,0.038598474115133286,0.346337890625,0.2,-1.9139934185892344,0.9685128331184387,0.0003,-0.022866470739245415,-0.03183083760377485,0.0017458052514484734,nan,nan,nan,nan,nan
870400,0.04223993420600891,0.383056640625,0.2,-1.8854435324668883,0.9528793096542358,0.0003,-0.002506793476641178,-0.027388383314246312,0.004121535639569629,nan,nan,nan,nan,nan
872448,0.05371784418821335,0.35341796875,0.2,-1.8745499096810818,0.9803286194801331,0.0003,-0.008664888329803944,-0.028919249556201974,0.0028182411284433328,nan,nan,nan,nan,nan
874496,0.043777115643024445,0.370556640625,0.2,-1.8548306554555893,0.9688499569892883,0.0003,-0.05145098268985748,-0.03175371908873785,0.001573883422133804,nan,nan,nan,nan,nan
876544,0.03767341375350952,0.37158203125,0.2,-1.8479005839675664,0.9458722472190857,0.0003,-0.017958559095859528,-0.02811746423394652,0.002975051847533905,nan,nan,nan,nan,nan
878592,0.04295837879180908,0.387451171875,0.2,-1.8301991619169713,0.9099340438842773,0.0003,-0.021824512630701065,-0.024279442813713102,0.008477655932802008,nan,nan,nan,nan,nan
880640,0.04782538861036301,0.37509765625,0.2,-1.8127866994589568,0.92383873462677,0.0003,0.000607571448199451,-0.027680228749522938,0.002339599076367449,nan,nan,nan,nan,nan
882688,0.04359624534845352,0.377099609375,0.2,-1.8006588362157345,0.9555808305740356,0.0003,-0.056754790246486664,-0.02781361146189738,0.0025778737050131894,nan,nan,nan,nan,nan
884736,0.031019628047943115,0.35361328125,0.2,-1.8021713338792325,0.9593595266342163,0.0003,-0.050155963748693466,-0.02429779353842605,0.0020702555040770674,nan,nan,nan,nan,nan
886784,0.051266200840473175,0.404345703125,0.2,-1.8265801895409823,0.9332532286643982,0.0003,0.018745670095086098,-0.01861105217030854,0.004191018196434015,nan,nan,nan,nan,nan
888832,0.0434114895761013,0.36357421875,0.2,-1.8385750934481622,0.9526558518409729,0.0003,-0.04830017685890198,-0.02923165040265303,0.001732103638642002,nan,nan,nan,nan,nan
890880,0.045094627887010574,0.372119140625,0.2,-1.8110900986939669,0.9580478668212891,0.0003,-0.04112797975540161,-0.027439185163530055,0.0028539226073917233,nan,nan,nan,nan,nan
892928,0.03857988119125366,0.36689453125,0.2,-1.7821653820574284,0.9664676785469055,0.0003,-0.036880772560834885,-0.029796782703488133,0.001761503685884236,nan,nan,nan,nan,nan
894976,0.042547501623630524,0.362890625,0.2,-1.775516978278756,0.9587007761001587,0.0003,-0.027859017252922058,-0.030020464395056477,0.0022143113501442713,nan,nan,nan,nan,nan
897024,0.061153288930654526,0.3537109375,0.2,-1.7738159425556659,0.8666442036628723,0.0003,-0.03710184618830681,-0.01225210035481723,0.0054750226707255935,nan,nan,nan,nan,nan
899072,0.04431990161538124,0.380859375,0.2,-1.7666465450078248,0.9521767497062683,0.0003,-0.05963069573044777,-0.031025015472550876,0.002454050152846321,nan,nan,nan,nan,nan
901120,0.06771412491798401,0.398388671875,0.2,-1.7682005483657122,0.9317299127578735,0.0003,-0.06900786608457565,-0.0276941463467665,0.007344507935340516,nan,nan,nan,nan,nan
903168,0.04258214682340622,0.374169921875,0.2,-1.7420484531670808,0.944709837436676,0.0003,-0.02698986604809761,-0.022335052315611392,0.007507690381680731,nan,nan,nan,nan,nan
905216,0.042242471128702164,0.37216796875,0.2,-1.7268103051930666,0.9616258144378662,0.0003,-0.04836272448301315,-0.027956765223643744,0.0018933117786218644,nan,nan,nan,nan,nan
907264,0.036462701857089996,0.363525390625,0.2,-1.7308371245861054,0.9685399532318115,0.0003,-0.04421551153063774,-0.02516934605955612,0.001531403755507199,nan,nan,nan,nan,nan
909312,0.03986817225813866,0.359619140625,0.2,-1.730684668198228,0.9637891054153442,0.0003,-0.05427189916372299,-0.027889088063966484,0.0019231310239774756,nan,nan,nan,nan,nan
911360,0.03978040814399719,0.3751953125,0.2,-1.7275091607123614,0.9310715198516846,0.0003,-0.04201389104127884,-0.02327760053158272,0.008238267904380337,nan,nan,nan,nan,nan
913408,0.050878096371889114,0.380029296875,0.2,-1.7210382793098689,0.8958683609962463,0.0003,-0.061514440923929214,-0.03229686575941741,0.011616197691910201,nan,nan,nan,nan,nan
915456,0.04251902550458908,0.37744140625,0.2,-1.701479510217905,0.932579517364502,0.0003,-0.05729712173342705,-0.023980669773300177,0.003101446834625676,nan,nan,nan,nan,nan
917504,0.03800962120294571,0.3544921875,0.2,-1.694189416244626,0.9607921838760376,0.0003,-0.04730204865336418,-0.028297691843181382,0.0020389462659295534,nan,nan,nan,nan,nan
919552,0.043282829225063324,0.386767578125,0.2,-1.6795631032437086,0.9625887870788574,0.0003,-0.045411836355924606,-0.03028050427674316,0.0021643897220201326,nan,nan,nan,nan,nan
921600,0.037783559411764145,0.367822265625,0.2,-1.6793493408709765,0.9692491292953491,0.0003,-0.014632711187005043,-0.02772633941058302,0.0019772302595811196,nan,nan,nan,nan,nan
923648,0.06023938208818436,0.410693359375,0.2,-1.665459194779396,0.9428591728210449,0.0003,-0.02206372283399105,-0.026061553033650854,0.005344263466759003,nan,nan,nan,nan,nan
925696,0.0411897748708725,0.3826171875,0.2,-1.6376254238188266,0.9628874659538269,0.0003,-0.02056671306490898,-0.02974654019199079,0.0017625063765080995,nan,nan,nan,nan,nan
927744,0.045318856835365295,0.384814453125,0.2,-1.6029588144272566,0.9651057720184326,0.0003,0.007801621221005917,-0.026491296975291335,0.0021288757739966967,nan,nan,nan,nan,nan
929792,0.040877651423215866,0.37744140625,0.2,-1.5814963314682244,0.9750086665153503,0.0003,-0.03709641098976135,-0.028576734344824217,0.0016420152463979321,nan,nan,nan,nan,nan
931840,0.039530716836452484,0.36806640625,0.2,-1.5503734569996594,0.9716372489929199,0.0003,-0.006620361004024744,-0.028523002739530057,0.0018850020815079915,nan,nan,nan,nan,nan
933888,0.043951790779829025,0.381884765625,0.2,-1.5412737734615802,0.9717789888381958,0.0003,-0.04732108861207962,-0.026665439864154906,0.002353842571392306,nan,nan,nan,nan,nan
935936,0.04348243772983551,0.374658203125,0.2,-1.528721084818244,0.9738032817840576,0.0003,0.0045669605024158955,-0.027065384325396735,0.0018227873362775427,nan,nan,nan,nan,nan
937984,0.04663141816854477,0.379296875,0.2,-1.4955922577530145,0.9760406613349915,0.0003,-0.07085251808166504,-0.023225856784847565,0.0015371156734545366,nan,nan,nan,nan,nan
940032,0.04005324840545654,0.374365234375,0.2,-1.484093477576971,0.9686101675033569,0.0003,-0.062328848987817764,-0.026984867692226543,0.0018701612370932708,nan,nan,nan,nan,nan
942080,0.04084915667772293,0.3689453125,0.2,-1.4791941363364458,0.9744082689285278,0.0003,-0.09392058849334717,-0.026429692023521058,0.0019227019784011645,nan,nan,nan,nan,nan
944128,0.04439961910247803,0.36513671875,0.2,-1.4543983902782203,0.9776334762573242,0.0003,-0.036564555019140244,-0.03160332381230546,0.0017273562860282254,nan,nan,nan,nan,nan
946176,0.05366888269782066,0.41162109375,0.2,-1.415795398131013,0.9022318720817566,0.0003,-0.055654216557741165,-0.02266297147725709,0.0037472517622518355,nan,nan,nan,nan,nan
948224,0.043112799525260925,0.40625,0.2,-1.4187503702938558,0.9605271816253662,0.0003,-0.032041288912296295,-0.02805663834005827,0.0017229329009751382,nan,nan,nan,nan,nan
950272,0.04133060574531555,0.377392578125,0.2,-1.449050460383296,0.9681125283241272,0.0003,-0.07546550035476685,-0.03115735654719174,0.001845004901770153,nan,nan,nan,nan,nan
952320,0.044339295476675034,0.3685546875,0.2,-1.4617931928485632,0.9698215126991272,0.0003,-0.009377814829349518,-0.026340085393167102,0.0022581666313271852,nan,nan,nan,nan,nan
954368,0.05085583031177521,0.37802734375,0.2,-1.4547613997012376,0.9760050177574158,0.0003,0.018280979245901108,-0.030351170411449857,0.0012145681880610937,nan,nan,nan,nan,nan
956416,0.041798077523708344,0.356640625,0.2,-1.4466178614646197,0.9722973704338074,0.0003,-0.05158958584070206,-0.024690289777936414,0.0017156093632365809,nan,nan,nan,nan,nan
958464,0.04515538737177849,0.370361328125,0.2,-1.4577010869979858,0.9752388596534729,0.0003,-0.07229364663362503,-0.0300299387985433,0.0016141822864483401,nan,nan,nan,nan,nan
960512,0.06113108620047569,0.40185546875,0.2,-1.4355713393539191,0.8934940695762634,0.0003,-0.05487417057156563,-0.02025444930186495,0.0061233859727508385,nan,nan,nan,nan,nan
962560,0.04293404147028923,0.38935546875,0.2,-1.3889448028057814,0.9576815962791443,0.0003,-0.033022332936525345,-0.02084359281871002,0.0017707465083731222,nan,nan,nan,nan,nan
964608,0.04693203419446945,0.37509765625,0.2,-1.3566965389996768,0.9653782248497009,0.0003,-0.011282098479568958,-0.025737856162595562,0.0023085358188836835,nan,nan,nan,nan,nan
966656,0.041256487369537354,0.378955078125,0.2,-1.3300724156200885,0.9718033671379089,0.0003,-0.046292755752801895,-0.03615148838725872,0.0015024178698695323,nan,nan,nan,nan,nan
968704,0.05218641087412834,0.39384765625,0.2,-1.30066479742527,0.9744072556495667,0.0003,-0.024723943322896957,-0.02752819496090524,0.0016400143735154416,nan,nan,nan,nan,nan
970752,0.047060687094926834,0.399169921875,0.2,-1.288649946078658,0.9658364057540894,0.0003,-0.06133553758263588,-0.028043916742899456,0.0023981678632480907,nan,nan,nan,nan,nan
972800,0.08898989856243134,0.422900390625,0.2,-1.2748408574610948,0.9368635416030884,0.0003,-0.024102170020341873,-0.017297551462979753,0.003840363228300703,nan,nan,nan,nan,nan
974848,0.041539814323186874,0.383349609375,0.2,-1.2302946079522372,0.9626434445381165,0.0003,-0.04175366088747978,-0.031944140361156316,0.002139439683924138,nan,nan,nan,nan,nan
976896,0.04601290076971054,0.3927734375,0.2,-1.1993110746145248,0.9596173763275146,0.0003,-0.0657023936510086,-0.028428187874669674,0.0020116253921514727,nan,nan,nan,nan,nan
978944,0.04356364160776138,0.38095703125,0.2,-1.171613521128893,0.9671811461448669,0.0003,0.008801828138530254,-0.02655018748046132,0.0023410429643263343,nan,nan,nan,nan,nan
980992,0.05337505042552948,0.38701171875,0.2,-1.1562408655881882,0.9498346447944641,0.0003,-0.06398219615221024,-0.02600067592866253,0.0027608486627286764,nan,nan,nan,nan,nan
983040,0.05662098526954651,0.4271484375,0.2,-1.1428667668253183,0.9542269110679626,0.0003,-0.04796276614069939,-0.02497288285230752,0.0030342335081513737,nan,nan,nan,nan,nan
985088,0.0469077005982399,0.390380859375,0.2,-1.1433429054915905,0.9624948501586914,0.0003,-0.02809799090027809,-0.02785672905301908,0.002736940265094745,nan,nan,nan,nan,nan
987136,0.053209975361824036,0.409228515625,0.2,-1.1452337261289358,0.9729712009429932,0.0003,-0.036671724170446396,-0.02286715604859637,0.003163521551505255,nan,nan,nan,nan,nan
989184,0.04460076615214348,0.387353515625,0.2,-1.1301345936954021,0.966755747795105,0.0003,-0.00136551761534065,-0.02649703593342565,0.002287680752124288,nan,nan,nan,nan,nan
991232,0.0393400639295578,0.364306640625,0.2,-1.1306504286825656,0.9621350765228271,0.0003,-0.025745125487446785,-0.02134965265140636,0.0019833165990348787,nan,nan,nan,nan,nan
993280,0.05000504106283188,0.3775390625,0.2,-1.1273010566830635,0.9591245055198669,0.0003,-0.05761544406414032,-0.026837200595764443,0.00264374947619217,nan,nan,nan,nan,nan
995328,0.04688466712832451,0.37275390625,0.2,-1.1330681953579187,0.9684805274009705,0.0003,-0.05320935696363449,-0.026602712093153968,0.002297384140365466,nan,nan,nan,nan,nan
997376,0.048972610384225845,0.370849609375,0.2,-1.118987226486206,0.950651228427887,0.0003,-0.04920750483870506,-0.02592801991268061,0.0019491174041831982,nan,nan,nan,nan,nan
999424,0.04307040572166443,0.372509765625,0.2,-1.0939341478049756,0.9669278264045715,0.0003,-0.06127571314573288,-0.029173059307504447,0.0024865957315341803,nan,nan,nan,nan,nan
1001472,0.04542999714612961,0.3962890625,0.2,-1.0734780494123697,0.9579959511756897,0.0003,-0.023705177009105682,-0.025698331191961188,0.0028982234432987754,nan,nan,nan,nan,nan
